ID	원문바이트(hex)	위치:길이…
E00001	908c82c195a582a264	1ST_READ-raw-5CB0C:9
E00002	81408ef482a264	1ST_READ-raw-5CB30:7	1ST_READ-raw-60998:7
E00003	834b838a836f815b	1ST_READ-raw-5CB38:8	1ST_READ-raw-604E9:8	BM000-21z-156:8	BM000-22z-156:8	BM002-21z-15E:8	BM003-21z-156:8	BM004-21z-16E:8	BM005-21z-156:8	BM006-21z-15A:8	BM007-21z-166:8	BM007-22z-166:8	BM008-21z-15A:8	BM010-21z-15A:8	BM011-21z-162:8	BM012-21z-15A:8	BM013-21z-15E:8	BM014-21z-15E:8	BM015-21z-162:8	BM016-21z-15A:8	BM016-22z-15A:8	BM017-21z-15A:8	BM018-21z-162:8	BM019-21z-166:8	BM020-21z-162:8	BM021-21z-176:8	BM022-21z-16A:8	BM023-21z-162:8	BM024-21z-16E:8	BM025-21z-15A:8	BM026-21z-162:8	BM027-21z-162:8	BM028-21z-162:8	BM029-21z-162:8	BM030-21z-162:8	BM031-21z-162:8	BM032-21z-166:8	BM033-21z-15A:8	BM034-21z-162:8	BM035-21z-15A:8	BM036-21z-15A:8	BM037-21z-16E:8	BM038-21z-15E:8	BM039-21z-162:8	BM040-21z-15E:8	BM041-21z-15E:8	BM042-21z-15E:8	BM043-21z-15E:8	BM044-21z-15A:8	BM045-21z-15E:8	C000-9z-19A:8	C200-9z-20A:8	CC00-9z-19A:8	CC00-10z-1D2:8	CC01-9z-19A:8	CC01-10z-1D2:8	CE00-9z-1D2:8	CE00-10z-1D2:8	CH00-9z-1D6:8	CH00-10z-1E2:8	CM00-9z-1D2:8	CM00-10z-1A2:8	CO00-9z-1E2:8	CO00-10z-1EA:8	CS00-9z-1D6:8	CS02-9z-1D6:8	CS02-10z-19E:8	CS03-9z-19E:8	CS03-10z-1AA:8	CS05-9z-19E:8	CS05-10z-1D6:8	CS06-9z-19E:8	CS06-10z-1D6:8	CS08-9z-1D6:8	CS08-10z-19E:8	CS09-9z-1D6:8	D0C0-9z-1AA:8	D1F1-9z-19A:8	D2C0-9z-20A:8	D2C0-10z-162:8	D3A0-9z-19A:8	DAB0-9z-19A:8	DAB0-10z-19A:8	DAB1-9z-1AA:8	DAB1-10z-1D2:8	DBB0-9z-1A6:8	DBB0-10z-1A2:8	DCG0-9z-162:8	DCJ0-9z-1D2:8	DDC0-9z-19A:8	DDE0-9z-162:8	DED0-9z-19E:8	DEF0-9z-162:8	DFB0-9z-19A:8	DFB0-10z-1D2:8	DGB0-9z-20A:8	DGB1-9z-1D2:8	DGB1-10z-19A:8	DHF0-9z-1AA:8	DKB0-9z-19A:8	DKB0-10z-1D2:8	DKC0-9z-1D2:8	DKC0-10z-1D2:8	DKD0-9z-19A:8	DKD0-10z-19A:8	DKE0-9z-1D2:8	DKE0-10z-162:8	DLC0-9z-19E:8	DLC1-9z-1A2:8	DLC2-9z-1D2:8	DLC3-9z-1A6:8	DLC3-10z-16E:8	DLC4-9z-16A:8	DLC4-10z-16A:8	DMD0-9z-1D2:8	DMD0-10z-1D2:8	DMD1-9z-19A:8	DMF0-9z-1D2:8	DMF0-10z-19A:8	DOD0-9z-1D2:8	DOD0-10z-19A:8	DOG0-9z-1DA:8	DOG0-10z-1DE:8	DOH0-9z-19E:8	DOH0-10z-19E:8	DQB0-9z-19A:8	DQC0-9z-19A:8	DQC0-10z-19E:8	DQC1-9z-19A:8	DQC1-10z-1D2:8	DQC2-9z-19A:8	DQC2-10z-19A:8	DQC3-9z-1A2:8	DQC3-10z-162:8	V1A1-9z-19A:8	V1A2-9z-19A:8	VEB0-9z-162:8	VQA0-9z-1A6:8
E00004	837e835883658342	1ST_READ-raw-5CB44:8	1ST_READ-raw-604F9:8	BM000-21z-15F:8	BM000-22z-15F:8	BM002-21z-167:8	BM003-21z-15F:8	BM004-21z-177:8	BM005-21z-15F:8	BM006-21z-163:8	BM007-21z-16F:8	BM007-22z-16F:8	BM008-21z-163:8	BM010-21z-163:8	BM011-21z-16B:8	BM012-21z-163:8	BM013-21z-167:8	BM014-21z-167:8	BM015-21z-16B:8	BM016-21z-163:8	BM016-22z-163:8	BM017-21z-163:8	BM018-21z-16B:8	BM019-21z-16F:8	BM020-21z-16B:8	BM021-21z-17F:8	BM022-21z-173:8	BM023-21z-16B:8	BM024-21z-1D5:8	BM025-21z-163:8	BM026-21z-16B:8	BM027-21z-16B:8	BM028-21z-16B:8	BM029-21z-16B:8	BM030-21z-16B:8	BM031-21z-16B:8	BM032-21z-16F:8	BM033-21z-163:8	BM034-21z-16B:8	BM035-21z-163:8	BM036-21z-163:8	BM037-21z-177:8	BM038-21z-167:8	BM039-21z-16B:8	BM040-21z-167:8	BM041-21z-167:8	BM042-21z-167:8	BM043-21z-167:8	BM044-21z-163:8	BM045-21z-167:8	C000-9z-1A3:8	C200-9z-213:8	CC00-9z-1A3:8	CC00-10z-1DB:8	CC01-9z-1A3:8	CC01-10z-1DB:8	CE00-9z-1DB:8	CE00-10z-1DB:8	CH00-9z-1DF:8	CH00-10z-1EB:8	CM00-9z-1DB:8	CM00-10z-1AB:8	CO00-9z-1EB:8	CO00-10z-1F3:8	CS00-9z-1DF:8	CS02-9z-1DF:8	CS02-10z-1A7:8	CS03-9z-1A7:8	CS03-10z-1B3:8	CS05-9z-1A7:8	CS05-10z-1DF:8	CS06-9z-1A7:8	CS06-10z-1DF:8	CS08-9z-1DF:8	CS08-10z-1A7:8	CS09-9z-1DF:8	D1F1-9z-1A3:8	D2C0-9z-213:8	D2C0-10z-16B:8	DAB0-9z-1A3:8	DAB0-10z-1A3:8	DAB1-9z-1B3:8	DAB1-10z-1DB:8	DBB0-9z-1AF:8	DBB0-10z-1AB:8	DCG0-9z-16B:8	DCJ0-9z-1DB:8	DDC0-9z-1A3:8	DDE0-9z-16B:8	DED0-9z-1A7:8	DEF0-9z-16B:8	DFB0-9z-1A3:8	DFB0-10z-1DB:8	DGB0-9z-213:8	DGB1-9z-1DB:8	DGB1-10z-1A3:8	DHF0-9z-1B3:8	DKB0-9z-1A3:8	DKB0-10z-1DB:8	DKC0-9z-1DB:8	DKC0-10z-1DB:8	DKD0-9z-1A3:8	DKD0-10z-1A3:8	DKE0-9z-1DB:8	DKE0-10z-16B:8	DLC2-9z-1DB:8	DLC3-9z-1AF:8	DLC3-10z-177:8	DMD0-9z-1DB:8	DMD0-10z-1DB:8	DMD1-9z-1A3:8	DMF0-9z-1DB:8	DMF0-10z-1A3:8	DOD0-9z-1DB:8	DOD0-10z-1A3:8	DOG0-9z-1E3:8	DOG0-10z-1E7:8	DOH0-9z-1A7:8	DOH0-10z-1A7:8	DQB0-9z-1A3:8	DQC0-9z-1A3:8	DQC0-10z-1A7:8	DQC1-9z-1A3:8	DQC1-10z-1DB:8	DQC2-9z-1A3:8	DQC2-10z-1A3:8	DQC3-9z-1AB:8	DQC3-10z-16B:8	V1A1-9z-1A3:8	V1A2-9z-1A3:8	VEB0-9z-16B:8	VQA0-9z-1AF:8
E00005	83478357835c8393	1ST_READ-raw-5CB50:8	1ST_READ-raw-60509:8	BM000-21z-168:8	BM000-22z-168:8	BM002-21z-170:8	BM003-21z-168:8	BM004-21z-180:8	BM005-21z-168:8	BM006-21z-16C:8	BM007-21z-178:8	BM007-22z-178:8	BM008-21z-16C:8	BM010-21z-16C:8	BM011-21z-174:8	BM012-21z-16C:8	BM013-21z-170:8	BM014-21z-170:8	BM015-21z-1F4:8	BM016-21z-16C:8	BM016-22z-16C:8	BM017-21z-16C:8	BM018-21z-174:8	BM019-21z-178:8	BM020-21z-174:8	BM021-21z-188:8	BM022-21z-17C:8	BM023-21z-174:8	BM024-21z-1DE:8	BM025-21z-16C:8	BM026-21z-174:8	BM027-21z-174:8	BM028-21z-174:8	BM029-21z-174:8	BM030-21z-174:8	BM031-21z-174:8	BM032-21z-178:8	BM033-21z-16C:8	BM034-21z-174:8	BM035-21z-16C:8	BM036-21z-16C:8	BM037-21z-180:8	BM038-21z-170:8	BM039-21z-174:8	BM040-21z-170:8	BM041-21z-170:8	BM042-21z-170:8	BM043-21z-170:8	BM044-21z-16C:8	BM045-21z-170:8	C000-9z-1AC:8	C200-9z-21C:8	CC00-9z-1AC:8	CC00-10z-1E4:8	CC01-9z-1AC:8	CC01-10z-1E4:8	CE00-9z-1E4:8	CE00-10z-1E4:8	CH00-9z-1E8:8	CH00-10z-1F4:8	CM00-9z-1E4:8	CM00-10z-1B4:8	CO00-9z-1F4:8	CO00-10z-1FC:8	CS00-9z-1E8:8	CS02-9z-1E8:8	CS02-10z-1B0:8	CS03-9z-1B0:8	CS03-10z-1BC:8	CS05-9z-1B0:8	CS05-10z-1E8:8	CS06-9z-1B0:8	CS06-10z-1E8:8	CS08-9z-1E8:8	CS08-10z-1B0:8	CS09-9z-1E8:8	D1F1-9z-1AC:8	D2C0-9z-21C:8	D2C0-10z-174:8	D3A0-9z-1A3:8	DAB0-9z-1AC:8	DAB0-10z-1AC:8	DAB1-9z-1BC:8	DAB1-10z-1E4:8	DBB0-9z-1B8:8	DBB0-10z-1B4:8	DCG0-9z-174:8	DCJ0-9z-1E4:8	DDC0-9z-1AC:8	DDE0-9z-174:8	DED0-9z-1B0:8	DEF0-9z-174:8	DFB0-9z-1AC:8	DFB0-10z-1E4:8	DGB0-9z-21C:8	DGB1-9z-1E4:8	DGB1-10z-1AC:8	DHF0-9z-1BC:8	DKB0-9z-1AC:8	DKB0-10z-1E4:8	DKC0-9z-1E4:8	DKC0-10z-1E4:8	DKD0-9z-1AC:8	DKD0-10z-1AC:8	DKE0-9z-1E4:8	DKE0-10z-174:8	DLC0-9z-1A7:8	DLC1-9z-1AB:8	DLC2-9z-1E4:8	DLC3-9z-1B8:8	DLC3-10z-180:8	DLC4-9z-173:8	DLC4-10z-173:8	DMD0-9z-1E4:8	DMD0-10z-1E4:8	DMD1-9z-1AC:8	DMF0-9z-1E4:8	DMF0-10z-1AC:8	DOD0-9z-1E4:8	DOD0-10z-1AC:8	DOG0-9z-1EC:8	DOG0-10z-1F0:8	DOH0-9z-1B0:8	DOH0-10z-1B0:8	DQB0-9z-1AC:8	DQC0-9z-1AC:8	DQC0-10z-1B0:8	DQC1-9z-1AC:8	DQC1-10z-1E4:8	DQC2-9z-1AC:8	DQC2-10z-1AC:8	DQC3-9z-1B4:8	DQC3-10z-174:8	V1A1-9z-1AC:8	V1A2-9z-1AC:8	VEB0-9z-174:8	VQA0-9z-1B8:8
E00006	836f8362836764	1ST_READ-raw-5CB5D:7
E00007	837d8345835864	1ST_READ-raw-5CB69:7
E00008	8343815b834f838b	1ST_READ-raw-5CB74:8	1ST_READ-raw-6012C:8	1ST_READ-raw-60531:8	BM016-21z-175:8	BM016-22z-175:8	SYSDATA-72z-4E:8
E00009	835e8343834b815b	1ST_READ-raw-5CB80:8	1ST_READ-raw-60138:8	1ST_READ-raw-60541:8	BM022-21z-185:8	SYSDATA-82z-4A:8
E00010	83528393834f64	1ST_READ-raw-5CB8D:7
E00011	837a815b835864	1ST_READ-raw-5CB99:7
E00012	837d839383828358	1ST_READ-raw-5CBA4:8	1ST_READ-raw-60154:8	1ST_READ-raw-60569:8	SYSDATA-112z-4A:8
E00013	83748342815b8372815b	1ST_READ-raw-5CBB0:10
E00014	82a282a282a66337	1ST_READ-raw-5F58A:8
E00015	904882d782e782ea82dc82b982f18142	1ST_READ-raw-5F5B6:16
E00016	82a282c182cf82a282c582b78142	1ST_READ-raw-5F5DE:14
E00017	8376838c83438e9e8ad464	1ST_READ-raw-5F5F2:11
E00018	82cd82e282a2646f82d382c282a4646f82a882bb82a2	1ST_READ-raw-5F721:22
E00019	8349815b8367646f837b835e8393	1ST_READ-raw-5F739:14
E00020	82e082c782b7646f82ab82a882ad	1ST_READ-raw-5F749:14
E00021	82cd82e282a2646f82a882bb82a2	1ST_READ-raw-5F759:14
E00022	8366815b835e82aa82a082e882dc82b982f16337	1ST_READ-raw-5F9B7:20
E00023	835a815b837582b782e98fea8f8a82f0914982f182c589ba82b382a2814271	1ST_READ-raw-5FA19:31
E00024	82a282a282a6633771	1ST_READ-raw-5FA73:9	1ST_READ-raw-5FB4F:9
E00025	835a815b837582b582dc82b582bd8142	1ST_READ-raw-5FA8E:16
E00026	905682b582a28366815b835e82cd8dec82ea82dc82b982f182c582b582bd8142	1ST_READ-raw-5FAC9:32
E00027	838d815b836882b782e98fea8f8a82f0914982f182c589ba82b382a2814271	1ST_READ-raw-5FAF5:31
E00028	838d815b836882b782e982b182c682cd82c582ab82dc82b982f18142	1ST_READ-raw-5FB7F:28
E00029	8be08cc982aa82a282c182cf82a282c582b78142	1ST_READ-raw-5FC15:20
E00030	8e9d82bf95a882aa82a282c182cf82a282c582b78142	1ST_READ-raw-5FC39:22
E00031	8e9d82bf8be0	1ST_READ-raw-5FC56:6
E00032	826182c5834c83838393835a838b	1ST_READ-raw-5FCB9:14	1ST_READ-raw-5FD10:14
E00033	82a882da82c182bf82e182dc814082b2979090538149	1ST_READ-raw-5FD44:22
E00034	94df8e5381408378836a835882c991e58d5e90858149	1ST_READ-raw-5FD5C:22
E00035	834b838a836f815b8140838d815b837d82c591e5965c82ea8149	1ST_READ-raw-5FD74:26
E00036	834b838a836f815b8140834d838383938375838b8bb682a28149	1ST_READ-raw-5FD90:26
E00037	93c690e88149814089a48b7b8358834c83838393835f838b8149	1ST_READ-raw-5FDAC:26
E00038	8c8292be81498140835783758389838b835e838b97768dc7673030	1ST_READ-raw-5FDC8:27
E00039	939092ae81498140838c83578358835e839383588149	1ST_READ-raw-5FDE4:22
E00040	834383588370836a834182c9935694b189ba82e98149	1ST_READ-raw-5FDFC:22
E00041	834b838a836f815b82c98140837c83938373815b8b5e98668149	1ST_READ-raw-5FE14:26
E00042	817790b99354817882d482bf82b182ed82b581498149	1ST_READ-raw-5FE30:22
E00043	95828fe381498140838183568385836982cc93838149	1ST_READ-raw-5FE48:22
E00044	8d958a4382cc96e9	1ST_READ-raw-5FE60:8
E00045	835c836a8362834e837d83438393835f815b	1ST_READ-raw-5FE6C:18
E00046	8353815b838b8368837d83438393835f815b	1ST_READ-raw-5FE80:18
E00047	8343815b834f838b837d83438393835f815b	1ST_READ-raw-5FE94:18
E00048	8389836f815b837d83438393835f815b	1ST_READ-raw-5FEA8:16
E00049	8349815b8389837d83438393835f815b	1ST_READ-raw-5FEBC:16
E00050	8374838a815b8359837d83438393835f815b	1ST_READ-raw-5FED0:18
E00051	83418362834e8358837d83438393835f815b	1ST_READ-raw-5FEE4:18
E00052	8375838983588367837d83438393835f815b	1ST_READ-raw-5FEF8:18
E00053	835c815b8368837d83438393835f815b	1ST_READ-raw-5FF0C:16
E00054	8368838983538393837d83438393835f815b	1ST_READ-raw-5FF20:18
E00055	834e838a83418e9e8ad48146	1ST_READ-raw-5FF71:12
E00056	836f83628367	1ST_READ-raw-6011C:6	1ST_READ-raw-60519:6	SYSDATA-52z-4E:6
E00057	837d83458358	1ST_READ-raw-60124:6	1ST_READ-raw-60525:6	SYSDATA-62z-4E:6
E00058	83528393834f	1ST_READ-raw-60144:6	1ST_READ-raw-60551:6	SYSDATA-92z-4E:6
E00059	837a815b8358	1ST_READ-raw-6014C:6	1ST_READ-raw-6055D:6	SYSDATA-102z-4A:6
E00060	82c782cc93b98bef82f08e6782a48148	1ST_READ-raw-60767:16
E00061	82c782cc613182f08e6782a48148	1ST_READ-raw-6077F:14
E00062	83588367838c815b8367	1ST_READ-raw-608A0:10
E00063	834183628370815b	1ST_READ-raw-608AC:8
E00064	83748362834e	1ST_READ-raw-608B8:6
E00065	82ab82e782df82a2	1ST_READ-raw-608C0:8
E00066	898a82f095fa82c1	1ST_READ-raw-608CC:8
E00067	978b895f82f08fb582a2	1ST_READ-raw-608D8:10
E00068	90b682ab82e997cd82f0975e82a6	1ST_READ-raw-608E4:14
E00069	90e291ce82cc97e28b4382f095fa82c1	1ST_READ-raw-608F4:16
E00070	8c8e82cc968297cd82f095fa82c1	1ST_READ-raw-60908:14
E00071	8e7682a28f6f82c982ab82e782df82a2	1ST_READ-raw-60918:16
E00072	945282a691b182af	1ST_READ-raw-609A0:8
E00073	955892d082af64	1ST_READ-raw-609AD:7
E00074	814096b082e864	1ST_READ-raw-609B8:7
E00075	835683878362834e	1ST_READ-raw-609C0:8
E00076	8140908c82a464	1ST_READ-raw-609D4:7
E00077	834b815b836c83628367	1ST_READ-raw-60A00:10
E00078	83418381835783588367	1ST_READ-raw-60A0C:10
E00079	837583898362836883588367815b8393	1ST_READ-raw-60A18:16
E00080	835f83438384838283938368	1ST_READ-raw-60A2C:12
E00081	834783818389838b8368	1ST_READ-raw-60A3C:10
E00082	8380815b839383588367815b8393	1ST_READ-raw-60A48:14
E00083	838b8372815b	1ST_READ-raw-60A58:6
E00084	8354815b83688349836a8362834e8358	1ST_READ-raw-60A60:16
E00085	83548374834083438341	1ST_READ-raw-60A74:10
E00086	83498370815b838b	1ST_READ-raw-60A80:8
E00087	83678370815b8359	1ST_READ-raw-60A8C:8
E00088	838983738358814583898359838a	1ST_READ-raw-60A98:14
E00089	919594f582c882b5	1ST_READ-raw-630E3:8
E00090	835283938360834c89a4	BM000-21z-171:10	BM000-22z-171:10
E00091	8376838a837c8393	BM000-21z-6A0:8	BM000-22z-678:8	BM002-21z-6AA:8	BM003-21z-65A:8	BM004-21z-68E:8	BM005-21z-664:8	BM006-21z-676:8	BM007-21z-684:8	BM007-22z-684:8	BM008-21z-678:8	BM010-21z-678:8	BM011-21z-754:8	BM012-21z-678:8	BM013-21z-67A:8	BM014-21z-758:8	BM015-21z-746:8	BM016-21z-670:8	BM016-22z-66A:8	BM017-21z-6B8:8	BM018-21z-69A:8	BM019-21z-66C:8	BM020-21z-756:8	BM021-21z-77E:8	BM022-21z-694:8	BM023-21z-756:8	BM024-21z-87C:8	BM025-21z-660:8	BM026-21z-682:8	BM027-21z-682:8	BM028-21z-684:8	BM029-21z-6A6:8	BM030-21z-698:8	BM031-21z-69A:8	BM032-21z-698:8	BM033-21z-66E:8	BM034-21z-668:8	BM035-21z-660:8	BM036-21z-662:8	BM037-21z-674:8	BM038-21z-664:8	BM039-21z-70E:8	BM040-21z-81A:8	BM041-21z-8B2:8	BM042-21z-67C:8	BM043-21z-812:8	BM044-21z-750:8	BM045-21z-694:8	C000-9z-6CE:8	C200-9z-742:8	CC00-9z-69E:8	CC00-10z-6EA:8	CC01-9z-6A4:8	CC01-10z-6E6:8	CE00-9z-6EC:8	CE00-10z-6E8:8	CH00-9z-72C:8	CH00-10z-700:8	CM00-9z-6F0:8	CM00-10z-6A6:8	CO00-9z-6F6:8	CO00-10z-706:8	CS00-9z-710:8	CS02-9z-6F0:8	CS02-10z-6C0:8	CS03-9z-6B8:8	CS03-10z-6BA:8	CS05-9z-6B2:8	CS05-10z-6FA:8	CS06-9z-6BA:8	CS06-10z-700:8	CS08-9z-6F6:8	CS08-10z-6AE:8	CS09-9z-70C:8	D0C0-9z-620:8	D1F1-9z-6CE:8	D2C0-9z-72C:8	D2C0-10z-65C:8	D3A0-9z-62E:8	DAB0-9z-6AA:8	DAB0-10z-6A6:8	DAB1-9z-720:8	DAB1-10z-6F2:8	DBB0-9z-6BC:8	DBB0-10z-6B4:8	DCG0-9z-690:8	DCJ0-9z-704:8	DDC0-9z-6B2:8	DDE0-9z-66C:8	DED0-9z-6B2:8	DEF0-9z-66C:8	DFB0-9z-6D4:8	DFB0-10z-716:8	DGB0-9z-73C:8	DGB1-9z-708:8	DGB1-10z-6C4:8	DHF0-9z-6B4:8	DKB0-9z-6CC:8	DKB0-10z-6FC:8	DKC0-9z-728:8	DKC0-10z-70E:8	DKD0-9z-6A4:8	DKD0-10z-6B0:8	DKE0-9z-702:8	DKE0-10z-66E:8	DLC0-9z-63C:8	DLC1-9z-630:8	DLC2-9z-72E:8	DLC3-9z-6D6:8	DLC3-10z-686:8	DLC4-9z-5D8:8	DLC4-10z-5D8:8	DMD0-9z-6EC:8	DMD0-10z-6FA:8	DMD1-9z-6B8:8	DMF0-9z-6E6:8	DMF0-10z-6AC:8	DOD0-9z-6F6:8	DOD0-10z-6B4:8	DOG0-9z-71A:8	DOG0-10z-722:8	DOH0-9z-6C0:8	DOH0-10z-6B6:8	DQB0-9z-794:8	DQC0-9z-6D0:8	DQC0-10z-6D4:8	DQC1-9z-6BA:8	DQC1-10z-6FC:8	DQC2-9z-6B2:8	DQC2-10z-6B0:8	DQC3-9z-6BA:8	DQC3-10z-678:8	SYSDATA-2-538:8	V1A1-9z-6C0:8	V1A2-9z-6C0:8	VEB0-9z-65C:8	VQA0-9z-6A8:8
E00092	8376838a837c8393836983438367	BM000-21z-6AA:14	BM000-22z-682:14	BM002-21z-6B4:14	BM003-21z-664:14	BM004-21z-698:14	BM005-21z-66E:14	BM006-21z-680:14	BM007-21z-68E:14	BM007-22z-68E:14	BM008-21z-682:14	BM010-21z-682:14	BM011-21z-75E:14	BM012-21z-682:14	BM013-21z-684:14	BM014-21z-762:14	BM015-21z-750:14	BM016-21z-67A:14	BM016-22z-674:14	BM017-21z-6C2:14	BM018-21z-6A4:14	BM019-21z-676:14	BM020-21z-760:14	BM021-21z-788:14	BM022-21z-69E:14	BM023-21z-760:14	BM024-21z-886:14	BM025-21z-66A:14	BM026-21z-68C:14	BM027-21z-68C:14	BM028-21z-68E:14	BM029-21z-6B0:14	BM030-21z-6A2:14	BM031-21z-6A4:14	BM032-21z-6A2:14	BM033-21z-678:14	BM034-21z-672:14	BM035-21z-66A:14	BM036-21z-66C:14	BM037-21z-67E:14	BM038-21z-66E:14	BM039-21z-718:14	BM040-21z-824:14	BM041-21z-8BC:14	BM042-21z-686:14	BM043-21z-81C:14	BM044-21z-75A:14	BM045-21z-69E:14	C000-9z-6D8:14	C200-9z-74C:14	CC00-9z-6A8:14	CC00-10z-6F4:14	CC01-9z-6AE:14	CC01-10z-6F0:14	CE00-9z-6F6:14	CE00-10z-6F2:14	CH00-9z-736:14	CH00-10z-70A:14	CM00-9z-6FA:14	CM00-10z-6B0:14	CO00-9z-700:14	CO00-10z-710:14	CS00-9z-71A:14	CS02-9z-6FA:14	CS02-10z-6CA:14	CS03-9z-6C2:14	CS03-10z-6C4:14	CS05-9z-6BC:14	CS05-10z-704:14	CS06-9z-6C4:14	CS06-10z-70A:14	CS08-9z-700:14	CS08-10z-6B8:14	CS09-9z-716:14	D0C0-9z-62A:14	D1F1-9z-6D8:14	D2C0-9z-736:14	D2C0-10z-666:14	D3A0-9z-638:14	DAB0-9z-6B4:14	DAB0-10z-6B0:14	DAB1-9z-72A:14	DAB1-10z-6FC:14	DBB0-9z-6C6:14	DBB0-10z-6BE:14	DCG0-9z-69A:14	DCJ0-9z-70E:14	DDC0-9z-6BC:14	DDE0-9z-676:14	DED0-9z-6BC:14	DEF0-9z-676:14	DFB0-9z-6DE:14	DFB0-10z-720:14	DGB0-9z-746:14	DGB1-9z-712:14	DGB1-10z-6CE:14	DHF0-9z-6BE:14	DKB0-9z-6D6:14	DKB0-10z-706:14	DKC0-9z-732:14	DKC0-10z-718:14	DKD0-9z-6AE:14	DKD0-10z-6BA:14	DKE0-9z-70C:14	DKE0-10z-678:14	DLC0-9z-646:14	DLC1-9z-63A:14	DLC2-9z-738:14	DLC3-9z-6E0:14	DLC3-10z-690:14	DLC4-9z-5E2:14	DLC4-10z-5E2:14	DMD0-9z-6F6:14	DMD0-10z-704:14	DMD1-9z-6C2:14	DMF0-9z-6F0:14	DMF0-10z-6B6:14	DOD0-9z-700:14	DOD0-10z-6BE:14	DOG0-9z-724:14	DOG0-10z-72C:14	DOH0-9z-6CA:14	DOH0-10z-6C0:14	DQB0-9z-79E:14	DQC0-9z-6DA:14	DQC0-10z-6DE:14	DQC1-9z-6C4:14	DQC1-10z-706:14	DQC2-9z-6BC:14	DQC2-10z-6BA:14	DQC3-9z-6C4:14	DQC3-10z-682:14	V1A1-9z-6CA:14	V1A2-9z-6CA:14	VEB0-9z-666:14	VQA0-9z-6B2:14
E00093	8376838a837c8393834c8393834f	BM000-21z-6BA:14	BM000-22z-692:14	BM002-21z-6C4:14	BM003-21z-674:14	BM004-21z-6A8:14	BM005-21z-67E:14	BM006-21z-690:14	BM007-21z-69E:14	BM007-22z-69E:14	BM008-21z-692:14	BM010-21z-692:14	BM011-21z-76E:14	BM012-21z-692:14	BM013-21z-694:14	BM014-21z-772:14	BM015-21z-760:14	BM016-21z-68A:14	BM016-22z-684:14	BM017-21z-6D2:14	BM018-21z-6B4:14	BM019-21z-686:14	BM020-21z-770:14	BM021-21z-798:14	BM022-21z-6AE:14	BM023-21z-770:14	BM024-21z-896:14	BM025-21z-67A:14	BM026-21z-69C:14	BM027-21z-69C:14	BM028-21z-69E:14	BM029-21z-6C0:14	BM030-21z-6B2:14	BM031-21z-6B4:14	BM032-21z-6B2:14	BM033-21z-688:14	BM034-21z-682:14	BM035-21z-67A:14	BM036-21z-67C:14	BM037-21z-68E:14	BM038-21z-67E:14	BM039-21z-728:14	BM040-21z-834:14	BM041-21z-8CC:14	BM042-21z-696:14	BM043-21z-82C:14	BM044-21z-76A:14	BM045-21z-6AE:14	C000-9z-6E8:14	C200-9z-75C:14	CC00-9z-6B8:14	CC00-10z-704:14	CC01-9z-6BE:14	CC01-10z-700:14	CE00-9z-706:14	CE00-10z-702:14	CH00-9z-746:14	CH00-10z-71A:14	CM00-9z-70A:14	CM00-10z-6C0:14	CO00-9z-710:14	CO00-10z-720:14	CS00-9z-72A:14	CS02-9z-70A:14	CS02-10z-6DA:14	CS03-9z-6D2:14	CS03-10z-6D4:14	CS05-9z-6CC:14	CS05-10z-714:14	CS06-9z-6D4:14	CS06-10z-71A:14	CS08-9z-710:14	CS08-10z-6C8:14	CS09-9z-726:14	D0C0-9z-63A:14	D1F1-9z-6E8:14	D2C0-9z-746:14	D2C0-10z-676:14	D3A0-9z-648:14	DAB0-9z-6C4:14	DAB0-10z-6C0:14	DAB1-9z-73A:14	DAB1-10z-70C:14	DBB0-9z-6D6:14	DBB0-10z-6CE:14	DCG0-9z-6AA:14	DCJ0-9z-71E:14	DDC0-9z-6CC:14	DDE0-9z-686:14	DED0-9z-6CC:14	DEF0-9z-686:14	DFB0-9z-6EE:14	DFB0-10z-730:14	DGB0-9z-756:14	DGB1-9z-722:14	DGB1-10z-6DE:14	DHF0-9z-6CE:14	DKB0-9z-6E6:14	DKB0-10z-716:14	DKC0-9z-742:14	DKC0-10z-728:14	DKD0-9z-6BE:14	DKD0-10z-6CA:14	DKE0-9z-71C:14	DKE0-10z-688:14	DLC0-9z-656:14	DLC1-9z-64A:14	DLC2-9z-748:14	DLC3-9z-6F0:14	DLC3-10z-6A0:14	DLC4-9z-5F2:14	DLC4-10z-5F2:14	DMD0-9z-706:14	DMD0-10z-714:14	DMD1-9z-6D2:14	DMF0-9z-700:14	DMF0-10z-6C6:14	DOD0-9z-710:14	DOD0-10z-6CE:14	DOG0-9z-734:14	DOG0-10z-73C:14	DOH0-9z-6DA:14	DOH0-10z-6D0:14	DQB0-9z-7AE:14	DQC0-9z-6EA:14	DQC0-10z-6EE:14	DQC1-9z-6D4:14	DQC1-10z-716:14	DQC2-9z-6CC:14	DQC2-10z-6CA:14	DQC3-9z-6D4:14	DQC3-10z-692:14	V1A1-9z-6DA:14	V1A2-9z-6DA:14	VEB0-9z-676:14	VQA0-9z-6C2:14
E00094	8368834b8fab8c52	BM002-21z-179:8	BM007-21z-181:8	BM007-22z-181:8
E00095	83578387815b	BM003-21z-171:6
E00096	83898349815b	BM005-21z-171:6
E00097	837d838b83608358	BM008-21z-175:8
E00098	8353838b83538358	BM010-21z-175:8
E00099	8347838d8343834a	BM011-21z-17D:8
E00100	834c838383628367	BM012-21z-175:8
E00101	83538368815b	BM013-21z-179:6
E00102	83478357835c839382cd90f4945d82b382ea82c482a282e9	BM015-21z-174:24
E00103	834b838a836f815b8149	BM015-21z-1A2:10
E00104	837b834e82e782e0835783858368815b89a482cc88d782c993ad82b182a482e6	BM015-21z-1AD:32
E00105	83708347838a83418bb38aaf82c182c488ab82a2906c82b682e182c882a282e6	BM015-21z-1CE:32
E00106	83708347838a8341	BM015-21z-1FD:8
E00107	838a8376838a815b	BM017-21z-175:8
E00108	837d83628358838b	BM018-21z-17D:8	BM032-21z-1A9:8
E00109	837e83588365834282cd8140937b82e882c982d382e982a682c482a282e98149	BM024-21z-177:32
E00110	837e83588365834282cd81408c9d82f0905582e889ba82eb82b582bd8149	BM024-21z-198:30
E00111	837e83588365834282cd8140613182f08ba982f182be8149	BM024-21z-1B7:24
E00112	835783858368815b	BM024-21z-1E7:8	BM029-21z-17D:8	CK3-10z-AA:8
E00113	8356838b836f815b	BM025-21z-175:8
E00114	835783858368815b8277	BM026-21z-17D:10
E00115	835783858368815b8279	BM027-21z-17D:10
E00116	835783858368815b82798279	BM028-21z-17D:12
E00117	838b838b8375	BM030-21z-17D:6
E00118	8357838383898393	BM031-21z-17D:8
E00119	8347836c838b834d815b8f5b935561318193	BM032-21z-181:18
E00120	82cc946793ae8347834e83548dc083438358	BM032-21z-196:18
E00121	82cc82c282de82b69597	BM033-21z-177:10
E00122	834183688389815b	BM033-21z-182:8
E00123	8343838983438355	BM034-21z-17D:8
E00124	83458389836b8358	BM035-21z-175:8
E00125	834783608385815b8368	BM036-21z-175:10
E00126	83498358834a838b	BM037-21z-189:8
E00127	834a83438355815b	BM038-21z-179:8
E00128	834c838b8350	BM039-21z-17D:6
E00129	835b838d	BM040-21z-179:4
E00130	83478362834e8358	BM041-21z-179:8
E00131	836f8389815b8380	BM042-21z-179:8
E00132	83818356838583698f9789a4	BM043-21z-179:12
E00133	836e838c838b8384	BM044-21z-175:8	BM045-21z-179:8
E00134	96b3934793738e738358838983728341	C00-1z-C2:16	C04-1z-AE:16
E00135	96b3934793738e7381458358838983728341	C00-5z-82:18	C04-5z-82:18
E00136	83678358834a815b836a89c6814595ca9191	C00-8z-86:18	C04-8z-76:18
E00137	8386815b835391e592e98d91814589a48b7b	C00-11z-196:18	C04-10z-AA:18
E00138	8386815b835382cc8d60	C01-1z-1BE:10	C01-8z-72:10
E00139	8e8e97fb82cc93b48c4182518265	C02-2z-52:14
E00140	8e8e97fb82cc93b48c4182528265	C02-3z-15A:14
E00141	8dc58ce382cc8dd59264	C02-4z-CE:10
E00142	8e8e97fb82cc93b48c41	C02-5z-C2:10
E00143	8386815b835391e592e98d91	C06-1z-AA:12
E00144	8378836a835882cc8d60	C10-1z-196:10	C10-1z-1AC:10	C10-11z-76:10	C17-1z-14E:10	C18-1z-EE:10	C18-9z-7A:10	C19-1z-EE:10	C19-6z-76:10
E00145	8378836a835889a48d91	C10-1z-1A1:10	C18-1z-F9:10	C1A-1z-A6:10
E00146	83678358834a815b836a89c6	C10-2z-6E:12	C18-2z-82:12
E00147	89c691b082cc8fd1919c82cc8ad4	C10-5z-56:14	C18-5z-56:14	C19-3z-56:14
E00148	814a814b814d814a814b	C10-45z-D8:10	C13-50z-D8:10
E00149	835483938145837d838b83528d4c8fea	C11-1z-FE:16	C14-1z-66:16	C16-1z-1A2:16	C1D-1z-E6:16
E00150	834a8374834681458374838d838a8393	C11-2z-FA:16	C14-2z-72:16	C16-2z-AE:16	C17-1z-159:16
E00151	8378836a835889a48b7b	C12-9z-8A:10	C15-2z-1DE:10	C15-3z-166:10
E00152	835e837983588367838a815b82cc959489ae	C12-10z-82:18	C14-6z-B2:18	C15-4z-FE:18
E00153	82ed82f182cf82ad836e83458358	C13-2z-7A:14
E00154	89a482cc8ad4	C14-7z-82:6	C15-5z-DE:6
E00155	8d7382c182bf82dc82c182bd82c8773136816377323082a082a282c27a303482e7816377343071	C1A-1z-B7:39
E00156	816377323082a477313482de814981407a313577323282b182ea82e082dc82bd81637733308f6877323096bd816371	C1A-1z-E5:47
E00157	82cb82a582cb82a58140926d82c182c482e981486e8eca905e82cc8cbb919c82aa81407730388f6f978882bd82cc82e667303071	C1A-1z-11B:52
E00158	82c782ea82c782ea814881407730388ca982b582c482dd82eb82e6814977343071	C1A-1z-156:33
E00159	82d982e7814077303897c782ad8e4282ea82c482e982c582b582e5814877323071	C1A-1z-17E:33
E00160	816382a482de816377353082ed82a982e9816371	C1A-1z-1A6:20
E00161	837e83588365834282cc8eca905e7734306e7a30368fc482ab919d82b582b582c482ad82ea82e682c8814971	C1A-1z-1C1:44
E00162	82a082cd82cd673030814077343082b182cc834b838a836f815b82cc8ae77733306e82a882c177303882a977303882b5773038815b67303077313671	C1A-1z-1F4:60
E00163	8140814081408bf3917a89c88a7790a28a458140834b838a836f815b837b815b8343	C1A-22-6:34
E00164	81408140834b838a836f815b8140814081408140814081408140814081408e528cfb81408f9f95bd	C1A-22-94:40
E00165	81408140837e83588365834281408140814081408140814081408140814089a18e52814092718db2	C1A-22-BE:40
E00166	8140814083478357835c839381408140814081408140814081408140814091e5924a814088e78d5d	C1A-22-E8:40
E00167	8140814083748342815b8372815b814081408140814081408140814081409578896982dd815b82c8	C1A-22-112:40
E00168	81408140838a815b8250824f947b8140814081408140814081408140814091e592cb81408efc9576	C1A-22-140:40
E00169	81408140836f83628367814081408140814081408140814081408140814092df814082d082eb82dd	C1A-22-16A:40
E00170	81408140837d83458358814081408140814081408140814081408140814097b49363814092bc8ef7	C1A-22-194:40
E00171	814081408343815b834f838b814081408140814081408140814081408140967893e081408cab9759	C1A-22-1BE:40
E00172	81408140835e8343834b815b814081408140814081408140814081408140919d8e528d5d88d08e71	C1A-22-1EA:40
E00173	8140814083528393834f814081408140814081408140814081408140814093e08a4381408cab93f1	C1A-22-214:40
E00174	81408140837a815b8358814081408140814081408140814081408140814093f19694814088ea90ac	C1A-22-23E:40
E00175	81408140837d839383828358814081408140814081408140814081408140928381409597814097d1	C1A-22-268:40
E00176	8140814083708370814081408140814081408140814081408140814081408ec4936381408f478f9f	C1A-22-294:40
E00177	814081408358837e835881408140814081408140814081408140814081408ee1967b814091a59576	C1A-22-2BE:40
E00178	814081408356838b836f815b81408140814081408140814081408140814097a796d8814095b69546	C1A-22-2E8:40
E00179	81408140838d838c839383588140814081408140814081408140814081408d8294548140814097ed	C1A-22-312:40
E00180	814081408378836a835889a481408140814081408140814081408140814091e5974697b48e4f9859	C1A-22-368:40
E00181	81408140836083838376835e815b814081408140814081408140814081408b7b93e081408d4b95bd	C1A-22-392:40
E00182	814081408356838d8357815b81408140814081408140814081408140814094aa93de8ca98fe68e99	C1A-22-3BC:40
E00183	81408140834f838b815b836083878140814081408140814081408140814090e797748140814094c9	C1A-22-3E6:40
E00184	81408140836a834c815b835e8140814081408140814081408140814081408ccb936381408c628e71	C1A-22-410:40
E00185	81408140834c8383836283678140814081408140814081408140814081408ad6814081408f729546	C1A-22-468:40
E00186	81408140837d838b8360835881408140814081408140814081408140814097ce90ec814081408cf5	C1A-22-492:40
E00187	814081408353838b835383588140814081408140814081408140814081408bbd97a2814091e595e3	C1A-22-4BC:40
E00188	814081408347838d8343834a8140814081408140814081408140814081408e7188c081409590906c	C1A-22-4E6:40
E00189	81408140837d83628358838b814081408140814081408140814081408140909b8cb4814090b38e75	C1A-22-510:40
E00190	81408140838b838b837581408140814081408140814081408140814081408db28b768ad4838c8343	C1A-22-566:40
E00191	81408140835783838389839381408140814081408140814081408140814088c09242814081409445	C1A-22-590:40
E00192	81408140835b838d81408140814081408140814081408140814081408140905890ec814092719456	C1A-22-5BA:40
E00193	81408140836f8389815b83808140814081408140814081408140814081408fbc967b814095db9354	C1A-22-5E4:40
E00194	81408140838183568385836982cc8f9789a4814081408140814081408140673030814081408c628e71	C1A-22-60E:41
E00195	8140814082bb82cc91bc81408140814081408140814081408140814081408d8296d8814081408fc2	C1A-22-63B:40
E00196	81408140835783858368815b8140814081408140814081408140814081408fac90998f5c985991be	C1A-22-73C:40
E00197	81408140836e838c838b838481408140814081408140814081408140814091ea91f28b7694fc8e71	C1A-22-766:40
E00198	81408140814081408140814081408140814081408140814081408140837583438357838383938376	C1A-22-7BC:40
E00199	8140814081408140814081408140814081408140814081408140814081408140836e8368835c8393	C1A-22-7E6:40	C1A-22-292F:40
E00200	8140814083568369838a8349	C1A-22-8AA:12
E00201	81408140834c83838389834e835e815b8366835583438393	C1A-22-96E:24
E00202	814081408351815b83808366835583438393	C1A-22-A58:18
E00203	814081408381834383938376838d834f83898380	C1A-22-A96:20
E00204	81408140838183438393834f8389837483428362834e	C1A-22-AD6:22
E00205	8140814083568358836583808376838d834f83898380	C1A-22-B18:22
E00206	8140814083438378839383678376838d834f83898380	C1A-22-B84:22
E00207	81408140826782748372836683498356835883658380	C1A-22-C47:22
E00208	81408140837d83628376834f8389837483428362834e	C1A-22-CEF:22
E00209	81408140836f8367838b834f8389837483428362834e	C1A-22-DB3:22
E00210	8140814081408140814081408140814081408e528cfb814082e082c681408e528cfb814089708ef7	C1A-22-DCB:40
E00211	814081408372835783858341838b834f8389837483428362834e	C1A-22-E21:26
E00212	8140814083438378839383678372835783858341838b	C1A-22-E93:22
E00213	8140814083548345839383688376838d834f83898380	C1A-22-10F1:22
E00214	8140814083668342838c834e835e815b	C1A-22-110B:16	C1A-22-164E:16
E00215	8140814083498379838c815b835e815b	C1A-22-1147:16
E00216	81408140834783938357836a8341	C1A-22-1184:14
E00217	814081408175838b83938379839382cc89cc8176	C1A-22-11CC:20
E00218	814081408175834f838b815b8360838782cc89cc8176	C1A-22-1262:22
E00219	814081408175835783838389839381458389836283768176	C1A-22-12A6:24
E00220	81408140817588a482cc838c83578346839383688176	C1A-22-12EC:22
E00221	814081408369838c815b83568387839390a78dec	C1A-22-145A:20
E00222	81408140835e83438367838b8145838d8353	C1A-22-149C:18
E00223	814081408366836f8362834e	C1A-22-14DC:12
E00224	814081408376838d83668385815b8354815b	C1A-22-154A:18	C1A-22-15E6:18
E00225	8140814081408140814081408140814081408140814081408140814081408db291f282a982a882e8	C1A-22-1660:40
E00226	814081408376838d83578346834e83678354837c815b8367	C1A-22-168A:24
E00227	814081408b5a8f708354837c815b8367	C1A-22-16CE:16
E00228	814081408376838d834f838983808354837c815b8367	C1A-22-170A:22
E00229	81408140834f8389837483428362834e8354837c815b8367	C1A-22-174C:24
E00230	8140814083548345839383688354837c815b8367	C1A-22-1790:20
E00231	814081408376838d834f8389837d815b	C1A-22-1806:16
E00232	81408140834f8389837483428362834e	C1A-22-186D:16
E00233	814081408354834583938368	C1A-22-1927:12
E00234	81408140814081408140814081408140814083658342815b8359837e8385815b83578362834e	C1A-22-195F:38
E00235	814081408dec8ac4814589898f6f	C1A-22-19E3:14
E00236	8140814090a78dec8376838d83668385815b8354815b	C1A-22-1A55:22
E00237	8140814083548375834c83838389834e835e815b	C1A-22-1A9F:20
E00238	8140814081408195838283938358835e815b8366835583438393	C1A-22-1AB5:26
E00239	814081408341836a8381815b835e815b	C1A-22-1B7D:16
E00240	81408140834c83838389834e835e815b8372835783858341838b	C1A-22-1C65:26
E00241	8140814093ae89e6836083468362834e	C1A-22-1D47:16
E00242	8140814090a78dec83668358834e	C1A-22-1DBC:14
E00243	814081408e648fe382b0	C1A-22-1E2E:10
E00244	814081408140814081408183834f838c838b8d48965b8184	C1A-22-1EA2:24
E00245	81408140814081408140818383728362834e8358835e835783498184	C1A-22-1EF0:28
E00246	8140814081408140814081838358835e83578349837b8358836783938184	C1A-22-1F98:30
E00247	8140814082628145826690a78dec	C1A-22-2039:14
E00248	814081408140814081408140814081408140814081408140837d83578362834e834a8376835a838b	C1A-22-20EB:40
E00249	81408140814081408140814081408140814081408140814081408140814081408343837d8357834a	C1A-22-2157:40
E00250	8140814081408140814081408140814081408140814081408358835e835783498145838983438375	C1A-22-218D:40
E00251	81408140814081408140814081408140814081408140826981458262814582728273826082658265	C1A-22-21B7:40
E00252	814081408341836a8381815b8356838783938352815b83668342836c815b835e815b	C1A-22-21E3:34
E00253	81408140814081408140814081408140814083758343835783838393837681458358835e83628374	C1A-22-2243:40
E00254	8140814081408140814081408140814081408183834c838383898381838b8145837d837d8184	C1A-22-226F:38
E00255	81408140814081408140814081408140814081838358835e835783498145836e815b83688184	C1A-22-22ED:38
E00256	81408140814081408140814081408140814081408140814081408341838a835e838a83418d718bf3	C1A-22-23C1:40
E00257	81408140814081408140814081408140814081408140814081408360834b8145837a8365838b8359	C1A-22-23EB:40
E00258	814081408358837983568383838b83548393834e8358	C1A-22-2423:22
E00259	96d890658ea182ad82f1	C1A-22-2459:10
E00260	81408140814081408140814081408140814081408140814081408be08e7181408f408cf582ad82f1	C1A-22-2465:40
E00261	8140814081408140814081408140814081408140814081408140928691ba814097458b4982ad82f1	C1A-22-248F:40
E00262	8140814081408140814081408140814081408140814081408140899393a18140896888ea82ad82f1	C1A-22-24B9:40
E00263	8140814081408140814081408140814081408140814081408140967881408140897089ee82ad82f1	C1A-22-24E3:40
E00264	814081408140814081408140814081408140814081408140814097a789d4814097b491be82ad82f1	C1A-22-250F:40
E00265	8140814081408140814081408140814081408140814081408140924a8cfb95db8e7182bf82e182f1	C1A-22-2539:40
E00266	81408140814081408140814081408140814081408140814081408eba959a814092718d7382ad82f1	C1A-22-2563:40
E00267	81408140814081408140814081408140814081408140814081408e52967b81409646975482ad82f1	C1A-22-258D:40
E00268	814081408140814081408140814081408140814081408140814093d88140814081408f9f82ad82f1	C1A-22-25B7:40
E00269	81408140814081408140814081408140814081408140814081409363928681408f7289ee82ad82f1	C1A-22-25E1:40
E00270	814081408140814081408140814081408140814081408140814088c993a1814091be985982ad82f1	C1A-22-260D:40
E00271	81408140814081408140814081408140814081408140814081408c498cb4814097b2945682ad82f1	C1A-22-2637:40
E00272	8140814081408140814081408140834b838a836f815b83748340839382cc82dd82c882b382f18149	C1A-22-2661:40
E00273	814081408358837983568383838b81458381834a8366835583438393	C1A-22-2843:28
E00274	814081408347834f835b834e8365834283758376838d83668385815b8354815b	C1A-22-2891:32
E00275	8140814090a78dec814592988dec	C1A-22-291F:14
E00276	81408140814081408140814081408140814081408140838f8343838f8343834a83938370836a815b	C1A-22-2959:40
E00277	834c8389815b814583588367838a815b8367	C1B-1z-6A:18
E00278	8341838b836f815b839389a48d91	C20-2z-C6:14
E00279	836f838b834a839382cc91ba	C21-5z-112:12	C21-7z-86:12	C23-4z-EA:12	C23-6z-86:12
E00280	8356838b836f815b82cc89c6	C22-2z-66:12	C22-3z-5E:12	C24-2z-4E:12	C24-3z-52:12
E00281	8375838a83578362836882cc8ef08fea	C22-6z-E2:16	C24-6z-9E:16
E00282	94e996a782cc89d48980	C22-7z-6E:10	C24-7z-3A:10
E00283	8341838b836f815b839382cc8d60	C25-7z-EA:14	C25-8z-76:14	C26-7z-156:14	C26-8z-76:14	C27-9z-142:14	C27-10z-76:14
E00284	8358836c815b834e8e52	C28-2z-1B2:10
E00285	834e838c835e82cc8d60	C40-1z-136:10	C40-4z-72:10
E00286	83568360838a834182cc8d608a58	C50-1z-1EE:14	C51-1z-14A:14	C52-1z-A6:14
E00287	82a282a282a66e	C50-1z-21E:7	C60-1z-27C:7	C61-1z-1C0:7	CD3-6z-30C:7
E00288	83568360838a834182cc8d60	C50-4z-72:12	C51-4z-72:12
E00289	836a834c815b835e82cc89c6	C50-6z-96:12	C51-6z-96:12
E00290	815b914291439144914591429143	C50-34z-B4:14
E00291	8352838b8356834a82cc8d608a58	C60-1z-206:14	C61-1z-14A:14	C62-1z-8E:14
E00292	8196837d815b838d839382c688ea8f8f82c983568360838a834182d681496e914482c98fe682e982c681408349815b836782c583568360838a834182dc82c588da93ae	C60-1z-217:67	C61-1z-15B:67
E00293	8352838b8356834a82cc8d60	C60-4z-6A:12	C61-4z-6A:12
E00294	837d815b838d839382cc89c6	C60-6z-DE:12	C61-6z-32:12
E00295	8341837c838d83938d60	C70-1z-BA:10
E00296	8353815b838c83808d60	C80-1z-BA:10
E00297	82a88be082aa91ab82e882dc82b982f1	C80-1z-C5:16
E00298	837c835a8343836883938d60	C90-1z-C2:12
E00299	8353815b83589387	CA0-1z-CA:8	CA0-2z-72:8	CA1-1z-CA:8	CA1-2z-76:8
E00300	8369837c838a82cc8d608a58	CB0-1z-172:12	CB0-4z-A2:12	CB0-4z-AF:12
E00301	93fa967b97bf979d93588145837e83848372	CB0-8z-132:18
E00302	835c836f89ae	CB0-9z-9A:6
E00303	926e89ba98619597835f8393835783878393	CB2-2z-42:18
E00304	8345834f8343835882cc8ad4	CB2-3z-EE:12
E00305	89b2924f82cc8ad4	CB2-4z-10E:8
E00306	8fbc82cc8ad4	CB2-5z-8E:6
E00307	908590e582cc8ad4	CB2-6z-D6:8
E00308	8c8e8cf582cc8ad4	CB2-8z-FE:8
E00309	838d815b837d82cc8d60	CC0-3z-112:10	CC0-4z-6E:10	CC9-2z-7E:10
E00310	836e815b836883578346838b	CC00-10z-1F9:12
E00311	8341834a8366837e8341	CC1-2z-E2:10
E00312	838d815b837d91e58a77	CC1-4z-156:10
E00313	8367838c8372	CC2-3z-142:6	CC2-4z-5A:6	CC2-7z-6E:6
E00314	8379838b8356838382b682e382a482bd82f1	CC2-6z-C2:18
E00315	835e835e837e835b	CC2-6z-D5:8
E00316	8cd582cc957e82ab94e7	CC2-6z-DE:10
E00317	8372815b83698358919c	CC2-6z-E9:10
E00318	89a98be082cc836c835282be82e982dc	CC2-6z-F4:16
E00319	835c83748340815b	CC2-6z-10A:8
E00320	8dc082d482c682f1	CC2-6z-113:8
E00321	837883938360	CC2-6z-11C:6
E00322	8369837b836982cc91ba	CC3-2z-1A2:10
E00323	83888384	CC3-23z-5AE:4
E00324	835f83458393835e83458393	CC4-5z-106:12	CC4-14z-4E:12
E00325	834c83838362836782cc89ae957e	CC4-6z-1BA:14
E00326	814581468146814681458146814681458146814581468147	CC4-29z-1CA:24
E00327	8352838d8362835a8349	CC5-2z-AE:10
E00328	834b838a836f815b82cd8f9f82bf82dc82b582bd	CC5-3z-105:20
E00329	8e6e82df8149	CC5-3z-141:6
E00330	834b838a836f815b82cd958982af82dc82b582bd	CC5-3z-154:20
E00331	8352838d8362835a8349926e89ba	CC6-2z-76:14	CC6-8z-3E:14
E00332	92b093b08380	CC6-18z-4E7:6
E00333	838d815b837d89a48b7b	CC7-2z-146:10
E00334	82a882b982bb82a482be	CC7-2z-156:10
E00335	838d815b837d91e592e98d91	CC8-2z-B2:12	CCA-2z-B2:12
E00336	8352838d8362835a8345838082cc91ba	CCB-2z-9E:16
E00337	83828369835282cc8d608a58	CD0-1z-162:12
E00338	83828369835282cc8d60	CD0-2z-6A:10
E00339	838283698352814594c989d88a58	CD1-1z-FA:14	CD1-4z-6E:14	CD1-4z-7D:14
E00340	8358835e8393837689a48d91	CD1-5z-86:12
E00341	977e965d82cc8ad9	CD1-8z-8A:8
E00342	834183938367838f815b836b8c808fea	CD2-5z-5A:16
E00343	8ee18ed28ef08fea8145834a8354836d836f	CD2-9z-5A:18
E00344	9856906c8ef08fea81458341836f838d8393	CD2-10z-DA:18
E00345	837e8389836d8dc0	CD2-11z-6A:8
E00346	82a082a082c1	CD2-27z-150B:6
E00347	82a082c1	CD2-27z-1E45:4
E00348	834f838983938145834a8357836d	CD3-1z-182:14
E00349	82a082e78148814082e282df82bf82e182a482cc8148	CD3-1z-193:22
E00350	82758268826f838b815b8380	CD3-2z-A6:12
E00351	8356815b834e838c83628367838b815b8380	CD3-3z-32E:18
E00352	91fc8da182cc8c8b89ca81466e92508f9f81466130814095a18f9f81466131817c6132	CD3-5z-BF:35
E00353	92508f9f82a082bd82e88149814061309687	CD3-5z-EA:18
E00354	95a18f9f82a082bd82e88149814061309687	CD3-5z-104:18
E00355	82a88be082cc82c882a2906c82cd8140835f838182e68149814082b582c182b582c18149	CD3-6z-F9:36
E00356	82a282a282a6	CD3-6z-177:6	CD3-6z-1A0:6	CQ2-1z-166:6	CQ2-2z-159:6	CQ2-3z-13D:6
E00357	894582cc834a815b836882cd81408db682e682e882e081486e81408140814063346f91e582ab82a28140814081406f8fac82b382a26e	CD3-6z-1AE:54
E00358	82a482dc82a282c18149	CD3-6z-1FA:10
E00359	82e082a4825089f1814082b782e981486e81408140814063346f82cd82a281408140814081406f82a282a282a6	CD3-6z-20C:45
E00360	93af82b6909482be82a982e7814082e082a4825089f182cb8142	CD3-6z-23F:26
E00361	8e63944f816382cd82b882ea82bf82e182c182bd82cb81638142	CD3-6z-264:26
E00362	82e082a481408d7e8e518149814082e482e982b582c482cb8149	CD3-6z-284:26
E00363	968782dc82c582cb814271	CD3-6z-2B9:11	CD3-6z-2E0:11
E00364	82a282ad82e7937182af82dc82b782a981488140	CD3-6z-334:20
E00365	968782dc82c582cb8142	CD3-6z-34A:10
E00366	837d838b835a8343838682cc8d60	CE0-1z-182:14	CE0-7z-6A:14
E00367	837d838b835a8343838689a48d91	CE1-1z-92:14
E00368	83568383838b838b82cc91ba	CE2-1z-152:12	CE2-6z-15E:12
E00369	835783838393836b82cc89c6	CE2-5z-76:12
E00370	837d838b835a83438386835e838f815b	CE3-1z-8A:16
E00371	8376838d839483408393835882cc8a58	CE4-1z-27A:16
E00372	8376838d8394834083938358	CE4-5z-6A:12
E00373	8341838b8357834682cc8d608a58	CF0-1z-17A:14	CF0-4z-86:14
E00374	834b838a836f815b908c82c195a582a28382815b8368	CF0-7z-17D:22
E00375	834a8354837583898393834a82cc8d60	CH0-7z-14A:16	CH0-9z-6E:16
E00376	82cc814089c191ac82aa90d882ea82bd8149	CH00-9z-20F:18	DKB0-9z-1B7:18	DKC0-9z-213:18	DKE0-9z-209:18	DLC0-9z-1D6:18	DLC2-9z-1EF:18	DLC2-9z-216:18	DLC3-9z-1D1:18	DLC3-10z-18B:18
E00377	88c582cc8a588145834a815b836583428358	CH1-10z-E2:18	CH1-15z-76:18
E00378	8af3965d82cc8a588145834a815b836583428358	CH1-10z-F5:20	CH1-15z-89:20
E00379	8eb897f6838c8358836783898393	CH1-11z-5A:14
E00380	83558145834a8354837583898393834a	CH1-12z-B2:16
E00381	837583898362834e8195837a838f83438367	CH1-13z-AA:18
E00382	835e838b834a835882cc91ba	CH2-2z-CE:12
E00383	8380815b83938145835683658342	CH3-3z-E6:14
E00384	969e8c8e8370838c8358	CH4-2z-96:10
E00385	82a082c882bd82cd8e8082c982dc82b582bd	CH4-6z-CD:18
E00386	82c582e08e8082ca8356815b83508393835882aa8f6f978882c482c882a282a982e76e8380815b839383568365834282cc8a4f82a982e782cb81498149	CH4-6z-E5:61
E00387	834a8354837583898393834a89a48d91	CH7-2z-A6:16
E00388	83608385836a835882cc8d608a58	CI0-13z-106:14	CI0-14z-1DE:14
E00389	83738393834c815b837083938360	CI0-18z-112:14
E00390	836d815b835883898393836882cc91ba	CJ0-6z-162:16
E00391	838a8358837b839382cc8d60	CK0-11z-11A:12	CK0-12z-86:12	CK0-13z-7A:12
E00392	91e682508ca48b868f8a814593ae97cd8eba	CK1-9z-42:18
E00393	8351838b836a834a	CK2-5z-C3:8
E00394	838c8357926a8253	CK2-5z-D1:8
E00395	838c8357926a8254	CK2-5z-DF:8
E00396	838a836a83418367838c834383938fe682e88fea	CK4-2z-CE:20	CK4-3z-E2:20	CK4-4z-D6:20	CK7-3z-EA:20
E00397	946589a482cc93b9	CK4-5z-46:8	CK6-4z-8E:8	CK6-5z-92:8
E00398	838a8358837b839382cc926e89ba9853	CK6-3z-156:16
E00399	82ab82b382dc8149814989bd8ed282be8149	CK7-3z-104:18	CK7-3z-11C:18	CK7-3z-134:18
E00400	834383588370836a834182cc8d60	CL0-6z-166:14	CL0-7z-12E:14	CL0-11z-D2:14
E00401	834383588370836a834192e98d91	CL1-2z-132:14	CL7-3z-1EE:14
E00402	834383588370836a834197768dc7	CL2-2z-162:14
E00403	82508dce82cc959489ae	CL2-5z-6E:10
E00404	82548dce82cc959489ae	CL3-5z-6E:10
E00405	8250824f8dce82cc959489ae	CL4-6z-76:12
E00406	825082548dce82cc959489ae	CL5-5z-82:12
E00407	946589a482cc8ad4	CL6-2z-E6:8
E00408	89f18b4182cc8ad4	CL9-2z-152:8
E00409	83418365836c82cc8d60	CM0-1z-1AA:10	CM0-7z-6A:10
E00410	83418365836c905f8d91	CM1-1z-A6:10
E00411	82b782ce82e782b582a28c8a	CM2-1z-172:12
E00412	8341834e838d837c838a8358	CM3-1z-B6:12	CM3-6z-6E:12	CM8-1z-B6:12	CM8-6z-76:12
E00413	90b99682905f936181458370838b8365836d8393	CM4-1z-D6:20
E00414	83748346836a8362834e835882cc8b75	CM5-1z-CE:16
E00415	837c83938373815b8d488fea	CM6-3z-1BE:12
E00416	835f8374836a82cc8a58	CM9-1z-142:10	CM9-7z-6A:10
E00417	83438358835e83938375815b838b82cc8d60	CO0-3z-12A:18	CO0-4z-8E:18
E00418	8341836283768354834383688145835e83458393	CO1-2z-A6:20	CO4-2z-BF:20
E00419	835b838d82cc89ae957e	CO2-3z-102:10	CO2-5z-1D2:10
E00420	834b838a836f815b8145835e83458393	CO4-2z-AE:16
E00421	83438358835e83938375815b838b89a48d91	CO5-1z-AE:18
E00422	835b838d8145835683658342	CO6-7z-11E:12	CO6-8z-76:12
E00423	836f815b8145826181958261	CO6-10z-6E:12
E00424	837583898362834e8145837b8362834e8358	CO6-15z-10E:18
E00425	815582558391	CO6-19z-DD3:6
E00426	93568bf382cc8a5881458389837d83698343	CO7-6z-21E:18	CO7-7z-86:18
E00427	834e838a837e834189a48d91	CP0-2z-F6:12
E00428	838183568385836992e98d91	CQ0-1z-12E:12	CQ0-2z-17D:12	CQ0-4z-ED:12	CQ5-4z-95:12
E00429	834a836583688389838b	CQ0-2z-172:10	CQ5-4z-8A:10
E00430	8aef90d582cc8f6889ae	CQ0-4z-E2:10
E00431	88a482cc93b98bef89ae	CQ0-5z-B2:10
E00432	83698343836783818341815b	CQ1-1z-10E:12
E00433	838183568385836982cc9383	CQ2-1z-132:12
E00434	834183678389839383658342835891e597a4	CR0-2z-1BE:18	CR0-3z-4E:18	CR0-4z-162:18
E00435	8be08cc982ad82f182c582b7	CR0-4z-17C:12
E00436	8374834083658342837d82cc9383	CR1-2z-1B6:14
E00437	936090e089a482cc8ad4	CR1-7z-76:10
E00438	8374834083658342837d	CR2-2z-CA:10	CR2-3z-D6:10
E00439	83438349836a83418a43	CS0-1z-136:10	CS9-1z-6A:10
E00440	8360838c836a83418a43	CS0-1z-141:10	CS9-1z-75:10
E00441	834e838c835e	CS0-1z-6AF:6
E00442	83568360838a8341	CS0-1z-6BB:8
E00443	8352838b8356834a	CS0-1z-6C9:8
E00444	8341837c838d8393	CS0-1z-6D7:8
E00445	8369837c838a	CS0-1z-6E5:6
E00446	838d815b837d	CS0-1z-6F1:6
E00447	838283698352	CS0-1z-6FD:6
E00448	837d838b835a83438386	CS0-1z-709:10
E00449	834383588370836a8341	CS0-1z-719:10
E00450	83418365836c	CS0-1z-729:6
E00451	82a482b882cc928682a982e7914482aa82a082e782ed82ea82bd8149	CS1-1z-118:28
E00452	91ea82c597ac82b382ea82e98149	CS1-1z-13A:14	CS1-1z-14E:14	CS1-1z-162:14
E00453	83438358835e83938375815b838b	CS1-1z-501:14
E00454	834e838a837e8341	CS1-1z-515:8
E00455	8381835683858369	CS1-1z-523:8
E00456	836d815b8358838983938368	CS2-1z-4E3:12
E00457	838a8358837b8393	CS2-1z-4F5:8
E00458	834a8354837583898393834a	CS2-1z-503:12
E00459	83608385836a8358	CS2-1z-515:8
E00460	83418368838a83418a43	CS3-1z-F2:10	CS6-1z-A6:10
E00461	8b40978b82c982e682c182c495958dbd82b382ea82c482a282e98149	CS3-1z-102:28
E00462	8386815b8353	CS3-1z-7F9:6	CS6-1z-3C3:6
E00463	8378836a8358	CS3-1z-805:6	CS6-1z-3CF:6
E00464	8341838b836f815b8393	CS3-1z-811:10	CS6-1z-3DB:10
E00465	834b838a836f815b83678393836c838b	CS4-1z-E6:16
E00466	8341838b837b838983938a43	CS5-1z-FE:12
E00467	8353815b838c8380	CS5-1z-495:8
E00468	837c835a834383688393	CS5-1z-4A3:10
E00469	8341838b83578346	CS5-1z-4B3:8
E00470	8347815b83518a438bac	CS6-2z-4E:10
E00471	8e828e7182cc93b48c41	D30-2z-236:10
E00472	82cd814094458ed2938182f082d382e882dc82ed82b582bd8149	D3A0-9z-1C6:26
E00473	82cd814094458ed28adb96f282f08e6782c182bd8149	D3A0-9z-1ED:22
E00474	835783758389838b835e838b97768dc7	DG4-2z-1E1:16
E00475	82cc81408d558c828149	DKB0-10z-209:10	DKC0-10z-209:10
E00476	82c282ea82c482a282a982c882a26971	SEALION-1z-17F:16
E00477	8f6f8d7182b782e96e6f82e282df82e96e6f834b838a836f815b83678393836c838b82d693fc82e96e	SEALION-1z-196:41
E00478	8f6f8d7182b782e96e6f82e282df82e96e	SEALION-1z-1C6:17
E00479	82d382a381608142	SEALION-2z-104:8
E00480	967b91cc82718260826c82cc836f8362834e83418362837682cc8f8094f582aa6e82dc82be8f6f978882c482a282dc82b982f18142	STARTUP-1z-5B:53
E00481	967b91cc82718260826c82dc82bd82cd834a815b8367838a8362835782718260826c82cc6e836f8362834e83418362837682cc8f8094f582aa82dc82be8f6f978882c482a282dc82b982f181426e	STARTUP-1z-96:78
E00482	835a834b8354835e815b8393967b91cc82cc95db91b68366815b835e8ac7979d89e696ca82c56e915382c482cc8b4c985e82f08fc182b582c489ba82b382a28142	STARTUP-1z-EA:65
E00483	82c782bf82e782cc836f8362834e83418362837682718260826c82c96e8b4c985e82f095db91b682b582dc82b782a981486e63346f967b91cc82718260826c646f834a815b8367838a8362835782718260826c	STARTUP-1z-131:83
E00484	967b91cc82718260826c82aa914991f082b382ea82dc82b582bd	STARTUP-1z-185:26
E00485	834a815b8367838a8362835782718260826c82aa914991f082b382ea82dc82b582bd	STARTUP-1z-1A0:34
E00486	8b4c985e82f095db91b682b782e988d782cc8bf382ab976597ca82aa974c82e882dc82b982f181426e82b182cc8351815b838082cc8b4c985e82f095db91b682b782e982bd82df82c982cd6e82588375838d8362834e82cc8bf382ab976597ca82aa954b977682c582b7	STARTUP-1z-1C8:106
E00487	82b182cc82dc82dc8351815b838082f08a4a8e6e82b582bd8fea8d8781416e8b4c985e82f095db91b682b782e98e9682aa8f6f978882dc82b982f181426e8351815b838082f08a4a8e6e82b582dc82b782a9814863346f82cd82a2646f82a282a282a6	STARTUP-1z-238:99
E00488	88a482cc82b382b382e282ab	SYSDATA-1-1004:12
E00489	96b282cc82a982af82cd82b5	SYSDATA-1-1014:12
E00490	955882cc82d982d982a682dd	SYSDATA-1-1024:12
E00491	8f9782cc82bd82df82a282ab	SYSDATA-1-1034:12
E00492	8370836a8362834e837b8393836f815b	SYSDATA-1-1044:16
E00493	82ad82be82e7836983628363	SYSDATA-1-1058:12
E00494	88c082a283608346815b8393	SYSDATA-1-1068:12
E00495	8d8282a283608346815b8393	SYSDATA-1-1078:12
E00496	96ec8cfb8cdc838d815b835c834e	SYSDATA-1-1088:14
E00497	945b89ae8ce1838d815b835c834e	SYSDATA-1-1098:14
E00498	92638b53838d815b835c834e	SYSDATA-1-10A8:12
E00499	93ba82cc93b189ce90fc	SYSDATA-1-10B8:10
E00500	837d837d82cc834c838383898381838b	SYSDATA-1-10C4:16
E00501	82e282b382b582ad95ef82de83438358	SYSDATA-1-10D8:16
E00502	825289f190ce	SYSDATA-1-10EC:6
E00503	93c582cc82b182c8	SYSDATA-1-10F4:8
E00504	8372834a8372834a90ce	SYSDATA-1-1100:10
E00505	82a482f182b1928e	SYSDATA-1-110C:8
E00506	928689d897cd89a48adb	SYSDATA-1-1118:10
E00507	928689d88be08d848adb	SYSDATA-1-1124:10
E00508	928689d895978ed68adb	SYSDATA-1-1130:10
E00509	928689d8957a91dc8adb	SYSDATA-1-113C:10
E00510	898a82cc82d382be	SYSDATA-1-1148:8
E00511	955882cc82d382be	SYSDATA-1-1154:8
E00512	905382cc82d382be	SYSDATA-1-1160:8
E00513	8c8b8a4582cc82d382be	SYSDATA-1-116C:10
E00514	8380835f8380835f9265	SYSDATA-1-1178:10
E00515	837183668367838d8145835583938369	SYSDATA-1-1184:16
E00516	926190b690ce	SYSDATA-1-1198:6
E00517	895e96bd82cc835f83438358	SYSDATA-1-11A0:12
E00518	8fac82b382c88ef1	SYSDATA-1-11B0:8
E00519	83678393834a8360	SYSDATA-1-11BC:8
E00520	8358834a8345835e815b	SYSDATA-1-11C8:10
E00521	837d83628360837c83938376	SYSDATA-1-11D4:12
E00522	837d83628358838b814583898375	SYSDATA-1-11E4:14
E00523	935382cc82c782f182d482e8	SYSDATA-1-11F4:12
E00524	95738e768b6392d9	SYSDATA-1-1204:8
E00525	90858fbb8368834e838d	SYSDATA-1-1210:10
E00526	91e58a4382cc97dc	SYSDATA-1-121C:8
E00527	91e5926e82cc97dc	SYSDATA-1-1228:8
E00528	91e58bf382cc97dc	SYSDATA-1-1234:8
E00529	906791e382e890ce	SYSDATA-1-1240:8
E00530	906791e382e890ce82658277	SYSDATA-1-124C:12
E00531	83558393836f82cc8bca	SYSDATA-1-125C:10
E00532	835f8343835f8389836f83628360	SYSDATA-1-1268:14
E00533	89f1959c90ce	SYSDATA-1-1278:6
E00534	8358815b8370815b89f1959c90ce	SYSDATA-1-1280:14
E00535	836683898362834e835889f1959c90ce	SYSDATA-1-1290:16
E00536	967b89c689f1959c90ce	SYSDATA-1-12A4:10
E00537	8cb3916389f1959c90ce	SYSDATA-1-12B0:10
E00538	8341838b8365837d89f1959c90ce	SYSDATA-1-12BC:14
E00539	834a836f8384834c	SYSDATA-1-12CC:8
E00540	837d83438393836883588367815b8393	SYSDATA-1-12D8:16
E00541	837d834383938368835a83758393	SYSDATA-1-12EC:14
E00542	93649259	SYSDATA-1-12FC:4
E00543	977b904283458369834d	SYSDATA-1-1304:10
E00544	9356915283458369834d	SYSDATA-1-1310:10
E00545	835c836f	SYSDATA-1-131C:4
E00546	8384834c8b9b	SYSDATA-1-1324:6
E00547	89f093c590ce	SYSDATA-1-132C:6
E00548	8a6f90c190ce	SYSDATA-1-1334:6
E00549	82b782ce82e783568343835e8350	SYSDATA-1-133C:14
E00550	90b9968288f997bf837c83938373815b	SYSDATA-1-134C:16
E00551	82c282df82b182de83818356	SYSDATA-1-1360:12
E00552	97dc965982ea82e9834a834e8365838b	SYSDATA-1-1370:16
E00553	8352835682cc8aa697748940	SYSDATA-1-1384:12
E00554	83438369835f82cc90b688ea967b	SYSDATA-1-1394:14
E00555	83548363837d94929467926a	SYSDATA-1-13A4:12
E00556	83728fad944e8e4582b5	SYSDATA-1-13B4:10
E00557	977294e78e86	SYSDATA-1-13C0:6
E00558	8e8082cc8a70934a	SYSDATA-1-13C8:8
E00559	96b38cc089f1959c90ce	SYSDATA-1-13D4:10
E00560	9364925992d9	SYSDATA-1-13E0:6
E00561	826c8195826d836083878352	SYSDATA-1-13E8:12
E00562	8fac8c5e94ad93648b40	SYSDATA-1-13F8:10
E00563	8c928d4e83548393835f838b	SYSDATA-1-1404:12
E00564	8ef482a282cc836f836c	SYSDATA-1-1414:10
E00565	8ef482a282cc8e7797d6	SYSDATA-1-1420:10
E00566	8ef482a282cc95f390ce	SYSDATA-1-142C:10	SYSDATA-1-142C:10	SYSDATA-1-142C:10	SYSDATA-1-142C:10	SYSDATA-1-142C:10	SYSDATA-1-142C:10	SYSDATA-1-142C:10
E00567	96828c9d835c836a8362834e	SYSDATA-1-1438:12
E00568	96828c9d8353815b838b8368	SYSDATA-1-1448:12
E00569	96828c9d8343815b834f838b	SYSDATA-1-1458:12
E00570	96828c9d8389836f815b	SYSDATA-1-1468:10
E00571	96828c9d8349815b8389	SYSDATA-1-1474:10
E00572	96828c9d8374838a815b8359	SYSDATA-1-1480:12
E00573	96828c9d83418362834e8358	SYSDATA-1-1490:12
E00574	96828c9d8375838983588367	SYSDATA-1-14A0:12
E00575	96828c9d835c815b8368	SYSDATA-1-14B0:10
E00576	96828c9d8368838983538393	SYSDATA-1-14BC:12
E00577	8c608ca982cc8e7797d6	SYSDATA-1-14CC:10
E00578	8edc944d82cc8e7797d6	SYSDATA-1-14D8:10
E00579	978b895f82cc8e7797d6	SYSDATA-1-14E4:10
E00580	90b696bd82cc8e7797d6	SYSDATA-1-14F0:10
E00581	90e291ce97eb937882cc8e7797d6	SYSDATA-1-14FC:14
E00582	8c8e82cc8e7797d6	SYSDATA-1-150C:8
E00583	8da596f18e7797d6	SYSDATA-1-1518:8
E00584	82aa82e782ad82bd836f836c	SYSDATA-1-1524:12
E00585	97c782a2836f836c	SYSDATA-1-1534:8
E00586	90d482dc82ab836f836c	SYSDATA-1-1540:10
E00587	90c282dc82ab836f836c	SYSDATA-1-154C:10
E00588	89a982dc82ab836f836c	SYSDATA-1-1558:10
E00589	8ead836f836c	SYSDATA-1-1564:6
E00590	946e836f836c	SYSDATA-1-156C:6
E00591	82cb82ce82cb836f836c	SYSDATA-1-1574:10
E00592	8b748bab836f836c	SYSDATA-1-1580:8
E00593	8cab906c836f836c	SYSDATA-1-158C:8
E00594	968293ae836f838a8341815b	SYSDATA-1-1598:12
E00595	8349815b838d8389	SYSDATA-1-15A8:8
E00596	83458369834d83938279	SYSDATA-1-15B4:10
E00597	836c8358834a83748346	SYSDATA-1-15C0:10
E00598	8367838b83528352815b8371815b	SYSDATA-1-15CC:14
E00599	937e82cc8349838c83938357	SYSDATA-1-15DC:12
E00600	8349838a815b837583498343838b	SYSDATA-1-15EC:14
E00601	8373834e838b8368837983628370815b	SYSDATA-1-15FC:16
E00602	834f8389815b83588d819085	SYSDATA-1-1610:12
E00603	8be282cc836a838f8367838a	SYSDATA-1-1620:12
E00604	8be082cc836a838f8367838a	SYSDATA-1-1630:12
E00605	8a43964190ce837083438376	SYSDATA-1-1640:12
E00606	834a8343837d8362834e8360815b8359	SYSDATA-1-1650:16
E00607	835f838b837d836083418145836e8380	SYSDATA-1-1664:16
E00608	838a839383538ef0	SYSDATA-1-1678:8
E00609	837a835683838374	SYSDATA-1-1684:8
E00610	8341838b836f836a8341838f83438393	SYSDATA-1-1690:16
E00611	835783468389815b8367	SYSDATA-1-16A4:10
E00612	8389834383588352838d83628350	SYSDATA-1-16B0:14
E00613	8354837b8365839382cc8ec0	SYSDATA-1-16C0:12
E00614	837d838b8354815b8389838f83438393	SYSDATA-1-16D0:16
E00615	83898373835e8389838f83438393	SYSDATA-1-16E4:14
E00616	8352838b8356834a838f83438393	SYSDATA-1-16F4:14
E00617	8373836283638341	SYSDATA-1-1704:8
E00618	8369837c838a835e8393	SYSDATA-1-1710:10
E00619	8382836283638340838c83628389	SYSDATA-1-171C:14
E00620	83798352838a815b836d8360815b8359	SYSDATA-1-172C:16
E00621	836a83878362834c	SYSDATA-1-1740:8
E00622	837c838b8360815b836a91f9	SYSDATA-1-174C:12
E00623	8347835883678149834783588367673030	SYSDATA-1-175C:17
E00624	8e7194b582cc834f838a838b	SYSDATA-1-1770:12
E00625	835683838367815b836881458378838c	SYSDATA-1-1780:16
E00626	834a838a835c8393	SYSDATA-1-1794:8
E00627	8375834383848378815b8358	SYSDATA-1-17A0:12
E00628	977282cc91ab82cc8370834395ef82dd	SYSDATA-1-17B0:16
E00629	837e8393836783658342815b	SYSDATA-1-17C4:12
E00630	834e8358834e8358	SYSDATA-1-17D4:8
E00631	8375838a834583418367	SYSDATA-1-17E0:10
E00632	8389837283898372	SYSDATA-1-17EC:8
E00633	8e71977282cc82ad82f182b982a2	SYSDATA-1-17F8:14
E00634	8341834e8341839483428367	SYSDATA-1-1808:12
E00635	836f834a838a83838349	SYSDATA-1-1818:10
E00636	837c838b8367838f83438393	SYSDATA-1-1824:12
E00637	837d835483708393	SYSDATA-1-1834:8
E00638	83548393834f838a8341	SYSDATA-1-1840:10
E00639	834e838b815b838a	SYSDATA-1-184C:8
E00640	835e8389838283548389835f	SYSDATA-1-1858:12
E00641	83808354834a	SYSDATA-1-1868:6
E00642	835683568145834a836f8375815b	SYSDATA-1-1870:14
E00643	838b815b8356815b82cc835f83438341	SYSDATA-1-1880:16
E00644	97e282bd82a2825696ca92b9	SYSDATA-1-1894:12
E00645	90b392bc82c88354838b	SYSDATA-1-18A4:10
E00646	834b8389835882cc8bca836c834d	SYSDATA-1-18B0:14
E00647	8f838be282cc834a83638389	SYSDATA-1-18C0:12
E00648	8f838be082cc95d68aed	SYSDATA-1-18D0:10
E00649	8360838a8380904482e8	SYSDATA-1-18DC:10
E00650	8be0904682cc89bc96ca	SYSDATA-1-18E8:10
E00651	838c815b835895d282dd	SYSDATA-1-18F4:10
E00652	8378836c836083418393834f83898358	SYSDATA-1-1900:16
E00653	8a7682cc836f8362834f	SYSDATA-1-1914:10
E00654	834a83818349	SYSDATA-1-1920:6
E00655	8354839383678393906c8c60	SYSDATA-1-1928:12
E00656	93ba82cc967e	SYSDATA-1-1938:6
E00657	8be282cc836c8362834e838c8358	SYSDATA-1-1940:14
E00658	8be082cc82b582b582e382a4	SYSDATA-1-1950:12
E00659	8378838b8378838b93798aed	SYSDATA-1-1960:12
E00660	8382838d8362835294e7	SYSDATA-1-1970:10
E00661	8352836e834e82cc8ef18ffc82e8	SYSDATA-1-197C:14
E00662	83518389815b83898fc482ab	SYSDATA-1-198C:12
E00663	977296d1835a815b835e815b	SYSDATA-1-199C:12
E00664	835f837d8358834c8369815b8368	SYSDATA-1-19AC:14
E00665	89e18367815b838b	SYSDATA-1-19BC:8
E00666	947e82b182af82b5	SYSDATA-1-19C8:8
E00667	8ef482a282cc919c	SYSDATA-1-19D4:8	SYSDATA-1-19D4:8	SYSDATA-1-19D4:8	SYSDATA-1-19D4:8	SYSDATA-1-19D4:8	SYSDATA-1-19D4:8	SYSDATA-1-19D4:8
E00668	838d8380838d835882cc8381835f838b	SYSDATA-1-19E0:16
E00669	838c8380835882cc8381835f838b	SYSDATA-1-19F4:14
E00670	97468fee82cc8fd8	SYSDATA-1-1A04:8
E00671	8353838083538380	SYSDATA-1-1A10:8
E00672	83478357835c839382cc8ee88e86	SYSDATA-1-1A1C:14
E00673	8fb591d28ff3	SYSDATA-1-1A2C:6
E00674	8e8e97fb82cc8cae	SYSDATA-1-1A34:8
E00675	91b28bc68fd88f91	SYSDATA-1-1A40:8
E00676	8358835e8393837692a0	SYSDATA-1-1A4C:10
E00677	8c608ca982cc836683428358834e	SYSDATA-1-1A58:14
E00678	8358837e835882cc8ee88e86	SYSDATA-1-1A68:12
E00679	8ed68cfb	SYSDATA-1-1A78:4
E00680	82de82b382b382d1	SYSDATA-1-1A80:8
E00681	82ed82b382d1	SYSDATA-1-1A8C:6
E00682	82b382d1	SYSDATA-1-1A94:4
E00683	82b382ce	SYSDATA-1-1A9C:4
E00684	82b382ce82d182a0815b82f1	SYSDATA-1-1AA4:12
E00685	8c8e82cc8ef18ffc82e8	SYSDATA-1-1AB4:10
E00686	89d482cc8cae	SYSDATA-1-1AC0:6
E00687	8b90906c82cc8cae	SYSDATA-1-1AC8:8
E00688	83828369835293fc8d9183728355	SYSDATA-1-1AD4:14
E00689	8353815b838b83688145834a815b8368	SYSDATA-1-1AE4:16
E00690	969c945c8cae	SYSDATA-1-1AF8:6
E00691	827282728272836f83628360	SYSDATA-1-1B00:12
E00692	92ca8d738fd8	SYSDATA-1-1B10:6
E00693	97dc82d382ad836e8393834a8360	SYSDATA-1-1B18:14
E00694	88a482cc83708358837c815b8367	SYSDATA-1-1B28:14
E00695	9085904682cc8ee88e86	SYSDATA-1-1B38:10
E00696	935382cc83638381	SYSDATA-1-1B44:8
E00697	82bd82c482dc82a6837a8393836c815b	SYSDATA-1-1B50:16
E00698	8360834c83938145837b815b838b	SYSDATA-1-1B64:14
E00699	82a88a7982b582dd8c94	SYSDATA-1-1B74:10
E00700	836a835a82688263834a815b8368	SYSDATA-1-1B80:14
E00701	90d482a28bca	SYSDATA-1-1B90:6
E00702	93ea82ce82b582b2	SYSDATA-1-1B98:8
E00703	8b74935d82cc8f91	SYSDATA-1-1BA4:8
E00704	836a8350834182cc8cae	SYSDATA-1-1BB0:10
E00705	835b838d82cc8cae	SYSDATA-1-1BBC:8
E00706	90b9968282cc8fd8	SYSDATA-1-1BC8:8
E00707	83588393836982cc8cae	SYSDATA-1-1BD4:10
E00708	834383578385837d815b82cc8cae	SYSDATA-1-1BE0:14
E00709	834c8384815b835882cc8cae	SYSDATA-1-1BF0:12
E00710	835483938145837d838b835282cc8cae	SYSDATA-1-1C00:16
E00711	95588c8b90ce	SYSDATA-1-1C14:6
E00712	8bb690ed8e6d90ce	SYSDATA-1-1C1C:8
E00713	89bc835683878362834e	SYSDATA-1-1C28:10
E00714	96b382b5	SYSDATA-1-1C34:4
E00715	8374834083438341	SYSDATA-2-3C4:8
E00716	837b815b838b	SYSDATA-2-3D0:6
E00717	83458348815b838b	SYSDATA-2-3D8:8
E00718	83588367815b8380	SYSDATA-2-3E4:8
E00719	834183438358	SYSDATA-2-3F0:6
E00720	8341838d815b	SYSDATA-2-3F8:6
E00721	8375838983588367	SYSDATA-2-400:8
E00722	83548393835f815b	SYSDATA-2-40C:8
E00723	837b838b8367	SYSDATA-2-418:6
E00724	8345834683438375	SYSDATA-2-420:8
E00725	8360834c8393	SYSDATA-2-42C:6
E00726	8356815b834a815b	SYSDATA-2-434:8
E00727	898a82cc8953	SYSDATA-2-440:6
E00728	955882cc8953	SYSDATA-2-46C:6
E00729	978b82cc8953	SYSDATA-2-474:6
E00730	88a482cc8953	SYSDATA-2-47C:6
E00731	8f6a959f82cc8953	SYSDATA-2-484:8
E00732	90b482df82cc8953	SYSDATA-2-490:8
E00733	96a3986682cc8953	SYSDATA-2-49C:8
E00734	92be96d982cc8953	SYSDATA-2-4A8:8
E00735	8ee782e882cc8953	SYSDATA-2-4BC:8
E00736	89ce898a82da815b82da815b	SYSDATA-2-4C8:12
E00737	93648ea582c782c182a9815b82f1	SYSDATA-2-4F0:14
E00738	93648ea5836f838a8341815b	SYSDATA-2-50C:12
E00739	89c191ac8372815b8380	SYSDATA-2-51C:10
E00740	837783628360838383898393	SYSDATA-2-528:12
E00741	836983438367	SYSDATA-2-544:6
E00742	834c8393834f	SYSDATA-2-54C:6
E00743	836783678367836c815b838d	SYSDATA-2-554:12
E00744	93648b438373834a815b838b	SYSDATA-2-564:12
E00745	814096d396da64	1ST_READ-raw-5CB18:7
E00746	814092be96d964	1ST_READ-raw-5CB20:7
E00747	8fc194ef	1ST_READ-raw-5CC2C:4
E00748	9687	1ST_READ-raw-5F350:2
E00749	93fa82df	1ST_READ-raw-5F37C:4
E00750	6f8d95646f90c2646f90d4646f97ce646f8e87646f8a44	1ST_READ-raw-5F768:23
E00751	6b316f89ef986283818362835a815b8357646d31353031	1ST_READ-raw-5F780:23
E00752	6f90ed93ac83818362835a815b8357646d31353033	1ST_READ-raw-5F798:21
E00753	6f89ef98628382815b8368646d31353035	1ST_READ-raw-5F7B0:17
E00754	6f834a815b835c838b88ca9275646d31353037	1ST_READ-raw-5F7C4:19
E00755	6f88da93ae83588373815b8368646d31353039	1ST_READ-raw-5F7D8:19
E00756	6f8345834283938368834582cc9046646d31353131	1ST_READ-raw-5F7EC:21
E00757	96b082e8	1ST_READ-raw-5F958:4
E00758	96d396da	1ST_READ-raw-5F960:4
E00759	93dd82a2	1ST_READ-raw-5F968:4
E00760	92be96d9	1ST_READ-raw-5F970:4
E00761	93c5	1ST_READ-raw-5F978:2
E00762	8d95944c	1ST_READ-raw-5F97C:4
E00763	8fd58c82	1ST_READ-raw-5F984:4
E00764	96a397b9	1ST_READ-raw-5F98C:4
E00765	9687	1ST_READ-raw-5FC50:2
E00766	6b318be08cc9	1ST_READ-raw-5FC60:6
E00767	8e9e8ad4	1ST_READ-raw-5FF80:4
E00768	95aa	1ST_READ-raw-5FF88:2
E00769	6b3163376d3130313093fa90948146	1ST_READ-raw-5FF8C:15
E00770	93fa	1ST_READ-raw-5FF9C:2
E00771	9687	1ST_READ-raw-60108:2
E00772	96876e	1ST_READ-raw-60110:3
E00773	8fa582a6	1ST_READ-raw-6092C:4
E00774	895382c1	1ST_READ-raw-60934:4
E00775	8e6782c1	1ST_READ-raw-6093C:4
E00776	89cc82c1	1ST_READ-raw-60944:4
E00777	96829640	1ST_READ-raw-6094C:4
E00778	8953	1ST_READ-raw-60954:2
E00779	94ad96be	1ST_READ-raw-60958:4
E00780	81408b4390e264	1ST_READ-raw-60990:7
E00781	814096a397b964	1ST_READ-raw-609CC:7
E00782	814092be96d964	1ST_READ-raw-609E4:7
E00783	814096d396da64	1ST_READ-raw-609EC:7
E00784	81408140814081408140814081408140814081408140814081408db2815896d890658ea182ad82f1	C1A-22-243B:40
