5CB18	　실명{d}
5CB20	　침묵{d}
5CC2C	소비
5F350	닢
5F37C	일째
5F768	{o}흑{d}{o}청{d}{o}적{d}{o}녹{d}{o}자{d}{o}회
5F780	{k1}{o}대화 메시지{d}{m1501}
5F798	{o}전투 메시지{d}{m1503}
5F7B0	{o}대화 모드{d}{m1505}
5F7C4	{o}커서 위치{d}{m1507}
5F7D8	{o}이동 속도{d}{m1509}
5F7EC	{o}창 색깔{d}{m1511}
5F958	수면
5F960	실명
5F968	둔화
5F970	침묵
5F978	독
5F97C	흑묘
5F984	충격
5F98C	매료
5FC50	닢
5FC60	{k1}금고
5FF80	시간
5FF88	분
5FF8C	{k1}{c7}{m1010}일수：
5FF9C	일
60108	닢
60110	닢\n
6092C	영창
60934	노래
6093C	사용
60944	노래
6094C	마법
60954	곡
60958	발명
60990	　기절{d}
609CC	　매료{d}
609E4	　침묵{d}
609EC	　실명{d}
