#G01시각	원문(자동 받아쓰기 → 복원)	번역(\n = 다음 자막)	비고
0:27	変なもん作ってんだってなぁ 街中の噂だぜ あいつ頭がおかしいってよ	이상한 걸 만든다며?\n온 동네에 소문났어\n저 녀석 머리가 이상하대
0:34	一人で変なもんばっか作ってっと ろくな大人になんねえぞ お前たちなんかに言われたかないね	혼자 이상한 것만 만들다간\n제대로 된 어른 못 된다\n너희한테 그런 소리 듣기 싫거든	⚠받아쓰기 «作ってった»«言わ/れた» — 추정
0:43	もっと言ってやれよ	한마디 더 해 줘라	받아쓰기 «もう一つ»
0:52	見てな 俺様はもっとすげえもんを作ってやる	두고 봐\n난 훨씬 대단한 걸 만들 거야	⚠받아쓰기 «な俺様はもっとすげえ»뿐 — 앞뒤 추정
1:12	覚えてろよ	두고 보자!	⚠받아쓰기 «ぜろよ» — 추정
1:47	相変わらず足が遅いな	여전히 발이 느리구나
1:56	闇に住む魔物たちだ お前も気をつけろ 分かってるよ	어둠에 사는 마물들이다\n너도 조심해라\n알고 있어	⚠받아쓰기 «何も気をつけて»
2:03	こいつは人間の魂を食うんだってな 魔物が怖くて人間やってられっかよ	이 녀석들은 사람의 혼을 먹는대\n마물이 무서워서야 사람 노릇 하겠어?
2:12	逃げろ	도망쳐!	받아쓰기 «逃げる»
2:18	今度はお前の科学の番だぜ	이번엔 네 과학 차례다
2:31	え 飛ぶよ	어, 날아!	⚠추정
2:42	飛んだぜ だめだ 足を使わねえなんかねえのか	날았다!\n안 되겠다\n발 안 쓰는 건 없냐?	⚠받아쓰기 «足を使われないなんかねえのか»
3:21	いくらお前がトスカーナのお坊ちゃんでも ベニスの文化財を破壊した罪は重いぞ	아무리 네가 토스카나의 도련님이라도\n베니스의 문화재를 파괴한 죄는 무겁다	받아쓰기 «トスカーにて»
3:30	今度という今度は国外追放だ	이번에야말로 국외 추방이다
3:47	ガリバー	걸리버!
