#영상	시작	끝	원문(받아쓰기 → 복원)	번역(\n = 다음 자막)	비고
G01	0:27.0	0:34.0	変なもん作ってんだってなぁ 街中の噂だぜ あいつ頭がおかしいってよ	이상한 걸 만든다며?\n온 동네에 소문났어\n저 녀석 머리가 이상하대	0‥28초 받아쓰기는 반복 환청 → 뺌
G01	0:34.0	0:39.0	一人で変なもんばっか作ってっと ろくな大人になんねえぞ	혼자 이상한 것만 만들다간\n제대로 된 어른 못 된다
G01	0:39.0	0:41.0	お前たちなんかに言われたかないね	너희한테 그런 소리 듣기 싫거든
G01	0:41.0	0:42.0	なんだこのガキ	뭐야,이 꼬맹이가
G01	0:42.0	0:48.0	もっと言ってやれよ 科学はすげえんだぜって	한마디 더 해 줘라\n과학은 대단하다고 말이야
G01	0:52.0	0:55.0	でもな オレ様はもっとすげえぜ	하지만 말이야\n이 몸은 훨씬 대단하다고	2026-09-28 대본대로(예전 추정 «見てな…作ってやる» 버림)
G01	1:29.17	1:30.47	またガリバーね!	또 걸리버야!
G01	1:30.55	1:32.35	どうしていつもいたずらばっかりしてんの?	왜 맨날 장난만 치는 거야?
G01	1:36.81	1:38.73	よし! お疲れさん おばさん!	좋았어! 수고했어요,아줌마!	받아쓰기 «疲れてたよ»
G01	1:38.85	1:41.19	待ってよ ガリバー!	기다려,걸리버!
G01	1:42.27	1:43.73	エジソン!	에디슨!	받아쓰기 «エッサン»
G01	1:46.07	1:48.45	相変わらず 足が遅えな	여전히 발이 느리구나
G01	1:53.79	1:56.41	や… 闇に棲む魔物たちだ!	어,어둠에 사는 마물들이다!
G01	1:56.49	1:57.71	なに?	뭐?
G01	1:58.17	1:59.37	ガリバー 気をつけて!	걸리버,조심해!
G01	1:59.45	2:01.13	ああ わかってるよ!	그래,알고 있어!
G01	2:01.21	2:04.21	こいつら 人間の魂を食うんだってな	이 녀석들은 사람의 혼을 먹는대
G01	2:04.29	2:09.13	だがな 魔物が怖くって 人間やってられっかよ!	하지만 마물이 무서워서야\n사람 노릇 하겠냐고!
G01	2:10.89	2:12.93	逃げるぞ エジソン!	도망치자,에디슨!
G01	2:16.09	2:17.93	こっちだ!	이쪽이다!
G01	2:18.01	2:20.01	今度は お前の科学の番だぜ!	이번엔 네 과학 차례다!
G01	2:20.11	2:21.43	オッケーイ!	오케이!
G01	2:22.57	2:24.23	急げ エジソン!	서둘러,에디슨!
G01	2:24.31	2:26.61	前から来やがった 逃げ場がねえぜ!	앞에서 온다! 도망칠 데가 없어!	받아쓰기 «お前から来やがった 行けばがねえぜ»
G01	2:26.69	2:28.15	わかってるよ!	알았다니까!
G01	2:29.41	2:30.41	ええい 飛ぶよ!	에잇,날아라!
G01	2:33.49	2:35.87	くそっ 効かねえんだよ!	젠장,안 통하잖아!	받아쓰기 «キツくねえんだよ»
G01	2:38.95	2:40.41	飛んだぜ!	날았다!
G01	2:41.53	2:43.99	ダメだ 足をつかまるな!	안 돼! 다리 잡히지 마!	2026-09-28 대본대로(예전 추정 «足を使わねえ…» 버림)
G01	2:44.41	2:45.83	何かねえのかい!	뭐 없냐?!
G01	2:46.41	2:47.91	あっ 嫌な音	앗,불길한 소리…
G01	2:48.49	2:49.91	そのレバー 自爆装置!	그 레버는 자폭 장치야!
G01	2:49.99	2:51.25	そんなもんか!	그런 게 있었어?!	2026-09-28 대본대로
G01	2:51.38	2:54.38	そんなもんで死ぬかよ! 下見ろよ、下を!	그런 걸로 죽을 것 같냐!\n아래를 봐,아래!
G01	3:19.38	3:22.38	まいったな	곤란하게 됐군…
G01	3:22.38	3:29.38	またガリバーか! いくらお前がトスカーニ家のお坊ちゃんでも ベニスの文化財を破壊した罪は重いぞ!	또 걸리버냐!\n아무리 네가 토스카니 가문 도련님이라도\n베니스의 문화재를 파괴한 죄는 무겁다!
G01	3:29.38	3:32.38	今度という今度は 国外追放だ!	이번에야말로 국외 추방이다!
G01	3:32.38	3:36.38	え? そ、そんな!	네? 그,그런!
G01	3:37.38	3:43.38	こ、こんちくしょう!	이,이런 젠장!
G01	3:46.38	3:47.8	ガリバー	걸리버!
G02	0:00.0	0:12.0	これは 世にも珍しい妖精の子供じゃ	이건… 세상에 보기 드문\n요정의 아이로구나
G02	0:12.0	0:25.0	あなたは誰? なんて綺麗な目をしてるの	넌 누구야?\n어쩜 이렇게 예쁜 눈을 하고 있니
G02	0:25.0	0:32.0	あたしはフィービー あなたはガリバー	난 피비야\n넌 걸리버구나
G02	0:32.0	0:37.0	ガリバー あたしあなたが気に入ったわ	걸리버,나 네가 마음에 들어
G03	0:11.0	0:13.0	いや、いい歌でしたな	허허,좋은 노래였지요
G03	0:13.0	0:15.0	ああ、もう一度聞きたいもんだな	그래,한 번 더 듣고 싶구먼
G03	0:21.0	0:23.0	いてえな! 気をつけろ!	아야! 조심해!
G03	0:23.0	0:25.0	ご、ごめんなさい	죄,죄송해요
G03	0:26.0	0:28.0	かわいいじゃん	귀엽잖아
G03	0:28.0	0:32.0	ベニスではジロジロ見るのが挨拶なのかしら	베니스에선 빤히 쳐다보는 게\n인사인가 보죠?
G03	0:32.0	0:34.0	あ、いやいや、そうじゃないよ	아,아니 아니,그게 아니고
G03	0:34.0	0:37.0	君があんまりかわいいから見とれていたのさ	네가 너무 귀여워서\n넋을 잃고 봤지
G03	0:37.0	0:38.0	俺、ガリバー	난 걸리버야	받아쓰기 «ほら、ガルバー» — 추정
G03	0:38.0	0:42.0	君、ねえ、一緒にお茶でも飲まないか	저기,같이 차라도 한잔 안 할래?
G03	0:42.0	0:44.0	強引なのね	막무가내네
G03	0:44.0	0:46.0	お誘いは嬉しいけど	권해 줘서 고맙지만
G03	0:46.0	0:48.0	初めて会った人とお茶を飲んじゃいけないって	처음 만난 사람이랑\n차 마시면 안 된다는 게
G03	0:48.0	0:50.0	おじいちゃんの言いつけなの	할아버지 말씀이거든
G03	0:50.0	0:52.0	急ぐから、じゃあね	바쁘니까,그럼 안녕
G03	0:52.0	0:53.0	ああ、ちょ、ちょっと!	아,자,잠깐!
G03	0:53.0	0:55.0	ねえ!	저기!
G05	0:00.0	0:04.0	ガリバー… ガリバー…	걸리버… 걸리버…
G05	0:04.0	0:09.0	己の心を磨くことじゃ	자신의 마음을 갈고닦는 것이니라
G05	0:14.0	0:18.0	ははっ… ガリバー	하하… 걸리버
G05	0:18.0	0:22.0	大きくなったなあ	많이 컸구나	0:22‥0:39 는 반복·환청 → 뺌
G06	0:00.0	0:02.0	父さん! 父さん!	아버지! 아버지!
G06	0:03.0	0:04.0	ガリバー	걸리버
G06	0:04.0	0:10.0	お前は 俺の 息子	너는… 내… 아들이다
G06	0:11.0	0:15.0	父さん! お父さん!	아버지! 아버지!
G07	0:06.4	0:11.08	なかなか威勢の良いお嬢さんだろう ガリバー あの子だよ	제법 기세 좋은 아가씨지?\n걸리버,저 애야
G07	0:11.08	0:15.92	舞踏会で会った… てめえ! その子に何やってんだ!	무도회에서 만난…\n이 자식! 그 애한테 무슨 짓이야!	⚠받아쓰기 흐림
G07	0:19.0	0:21.78	野郎!	이 자식!
G07	0:21.78	0:38.46	私の名は月光 君の愚かな勇気に免じて名乗っておこう	내 이름은 겟코\n네 어리석은 용기를 봐서 이름을 대 주지
G07	0:38.46	0:45.9	つ、強いじゃねえかあんた! ど、どうして負けちゃったの?	꽤,꽤 세잖아 당신!\n왜,왜 진 거야?
G07	0:45.9	0:48.46	やだ!	싫어!
G09	0:00.05	0:05.05	日輪、たとえお前でも、私の邪魔をすれば、殺す!	니치린,설령 너라도\n내 앞을 막으면 죽이겠다!
G09	0:15.05	0:16.05	ガリバー!	걸리버!
G09	0:18.05	0:19.05	お前は?	넌?
G09	0:20.05	0:21.05	大丈夫か?	괜찮아?
G09	0:22.05	0:24.05	てめえ、女に向かって何すんだよ!	이 자식,여자한테 무슨 짓이야!
G09	0:25.05	0:26.05	それでも男か!	그러고도 사내냐!
G09	0:27.05	0:30.05	それでも男かだと?	그러고도 사내냐,라고?
G09	0:35.05	0:39.05	安っぽく男を売り物にするな、小僧	사내를 싸구려로 팔지 마라,꼬마야
G09	0:45.05	0:48.05	見事この炎から女たちを救い出してみろ	이 불길에서 여자들을 구해 내 봐라
G09	0:49.05	0:52.05	お前の男を賭けてな こいつは頂いておく	네 사내다움을 걸고 말이지\n이건 내가 가져가겠다
G09	0:53.05	0:54.05	それを返して!	그거 돌려줘!
G09	0:55.05	0:57.05	危ない!やめろ!	위험해! 그만둬!
G09	0:58.05	1:00.05	あれは俺が取り返してやる!	그건 내가 되찾아 줄게!
G09	1:01.05	1:02.05	うん!	응!
G09	1:03.05	1:04.05	な、なんだ?	뭐,뭐야?
G09	1:05.05	1:06.05	逃げよう!こっちだ!	도망치자! 이쪽이야!
G09	1:13.05	1:14.05	道を塞がれた!	길이 막혔어!
G09	1:15.05	1:16.05	くそっ!	젠장!
G09	1:20.05	1:21.05	僕も!	나도!
G09	1:22.05	1:25.75	馬鹿! また岩が崩れてきちゃうだろ!	바보야! 또 바위가 무너지잖아!	받아쓰기 «起こってきちゃった»
G09	1:25.75	1:26.75	でも…	하지만…
G09	1:27.85	1:29.25	お前らも早く行け!	너희도 빨리 가!
G09	1:30.75	1:32.55	フィービー!何グズグズしてんだ!	피비! 뭘 꾸물대는 거야!	받아쓰기 «エビ»
G09	1:32.55	1:34.05	あたしはガリバーといる!	난 걸리버랑 있을래!
G09	1:34.55	1:37.55	そうだよ!いつも一緒にいるって約束したじゃないか!	맞아! 언제나 같이 있자고\n약속했잖아!
G09	1:37.55	1:39.05	お前ら!	너희들…!
G10	1:33.02	1:34.36	(What's going on?)	무슨 일이야?	받아쓰기가 영어
G10	1:36.98	1:38.16	(Look, Edison!)	저것 봐,에디슨!
G10	1:38.16	1:39.66	(It's the captain's ship!)	선장님 배야!
G10	1:39.66	1:41.62	(No, it's a tsunami!)	아냐,해일이야!
G11	0:18.0	0:21.0	生きていたのね…	살아 있었구나…
G11	0:23.0	0:27.0	馬鹿! 死んじゃったかと思ったじゃない!	바보! 죽은 줄 알았잖아!
G11	0:27.0	0:29.0	簡単には死なないさ	쉽게는 안 죽어
G11	0:29.0	0:33.0	あのね、ベニスが、めちゃくちゃに…	있잖아,베니스가 엉망진창이 돼서…
G11	0:36.0	0:38.0	なんとかしなくちゃな	어떻게든 해야겠군
G11	0:39.0	0:40.0	できるの?	할 수 있어?
G11	0:40.0	0:42.0	わかんねえけど、やってみるさ	모르겠지만,해 봐야지
G11	0:43.0	0:44.0	手伝うわ	도울게
G11	0:44.0	0:47.0	え? あ、えっと…	어? 아,그러니까…
G11	0:48.0	0:50.0	まだ君の名前知らないぜ	아직 네 이름도 모르는데
G11	0:51.0	0:52.0	ミスティよ	미스티야
G11	0:52.0	0:54.0	ミスティ、いい名前だ	미스티,좋은 이름이다
G11	0:54.0	0:55.0	ありがとう!	고마워!
G13	0:13.0	0:16.0	僕 三男 非情なるマルチス	나는 3남,비정한 마르치스	받아쓰기 «g12» 로 적혀 있었으나 길이·화면(트리오 데 이스파니아 제목)으로 G13
G13	0:16.0	0:19.0	このローマは 僕が新しく作り変えるからさ!	이 로마는 내가 새로 뜯어고칠 거야!	받아쓰기 «龍馬»
G13	0:19.0	0:23.0	感謝するんだね 僕のやり方に抵抗すると…	고맙게 여기라고\n내 방식에 반항하면…
G13	0:23.0	0:25.0	死ぬよ!	죽는다!
G13	0:26.0	0:29.0	オレが次男! 鋼鉄のゴルゴス!	나는 차남! 강철의 고르고스다!
G13	0:29.0	0:33.0	ガッツで抵抗しろ! オレがビシバシ鍛えてやる!	근성으로 덤벼라!\n내가 호되게 단련해 주마!
G13	0:33.0	0:35.0	弱いやつは死ね!	약한 놈은 죽어라!
G13	0:36.0	0:38.0	私が長男 完全なるエロイカ	나는 장남,완전한 에로이카
G13	0:40.0	0:44.0	今よりローマは われらが領土となった	이제부터 로마는 우리의 영토가 되었다
G13	0:44.0	0:47.0	新しきローマは イスパニアにあり!	새로운 로마는 이스파니아에 있다!
G13	0:47.0	0:51.0	われらトリオ・デ・イスパニアが このローマを支配する!	우리 트리오 데 이스파니아가\n이 로마를 지배한다!
G13	0:51.0	0:55.0	そしてローマを われらのジュドー様に捧げる!	그리고 로마를\n우리 주도 님께 바친다!	받아쓰기 «宇宙王様»
G16	0:04.0	0:12.0	今宵 人々の見果てぬ夢は 極上の美酒と天国の快楽 さあ、ご一緒に	오늘 밤 사람들의 끝없는 꿈은\n최고의 술과 천국의 쾌락\n자,함께하세요
G16	0:13.0	0:18.5	愛と希望の殿堂 満月パレス! 満月パレスったら満月パレス!	사랑과 희망의 전당,만게츠 팰리스!\n만게츠 팰리스라면 만게츠 팰리스!
G18	0:09.0	0:13.0	諸君!いよいよ無敵要塞ジブラルタルが完成する!	제군! 드디어 무적 요새\n지브롤터가 완성된다!
G18	0:13.0	0:18.0	今後この要塞を拠点として世界中の港を攻めていく!	앞으로 이 요새를 거점으로\n세계의 항구를 공략해 나갈 것이다!
G18	0:19.0	0:22.0	力こそ真実!力こそ正義!	힘이야말로 진실! 힘이야말로 정의!
G18	0:22.0	0:26.0	そして最強の力を持つもの、それが我々なのだ!	그리고 최강의 힘을 가진 자,\n그것이 바로 우리다!
G18	0:28.0	0:32.0	兵士たちよ!我々はこの絶対的な力を持って	병사들이여!\n우리는 이 절대적인 힘으로
G18	0:32.0	0:36.0	イスパニアによるイスパニアのための千年王国を創る!	이스파니아에 의한,이스파니아를 위한\n천년 왕국을 세운다!
G18	0:38.0	0:44.0	ジブラルタル!ジブラルタル!ジブラルタル!	지브롤터! 지브롤터! 지브롤터!
G18	0:44.0	0:47.0	世界はイスパニアの前にひれ伏すのだ!	세계는 이스파니아 앞에 무릎 꿇을 것이다!
G19	0:05.56	0:07.48	バルカン砲、発射!	벌컨포,발사!
G19	0:13.96	0:15.72	見たか、俺の力を!	봤냐,내 힘을!
G19	0:16.2	0:18.42	ガリバー、あとは任せたぜ!	걸리버,뒤는 맡기마!
G20	0:05.0	0:07.0	バルカン砲 用意!	벌컨포 준비!
G20	0:07.0	0:09.0	発射!	발사!
G20	0:11.0	0:13.0	故障か?	고장인가?
G20	0:16.0	0:20.0	いいか ガリバー この世には2種類の海賊がいる	잘 들어라,걸리버\n이 세상엔 두 종류의 해적이 있다
G20	0:20.0	0:24.0	もう死んじまった海賊と これから死んでいく海賊だ	이미 죽은 해적과\n이제부터 죽을 해적이지
G20	0:25.0	0:27.0	野郎ども つっこむぞ!	이놈들아,돌격이다!
G20	0:27.0	0:28.0	シルバー!	실버!
G20	0:28.0	0:30.0	あばよ! ガリバー!	잘 있어라! 걸리버!	받아쓰기 «アーマーよ»
G20	0:30.0	0:33.44	あとは任せたぜ!	뒤는 맡기마!
G22	0:05.1	0:06.1	な、なんだ?	뭐,뭐야?
G22	0:24.1	0:26.1	月光 見参	겟코,여기 있다
G23	0:09.0	0:15.0	満月の馬鹿が火を放ったな! 日輪、逃げるんだ!	만게츠 놈이 불을 질렀군!\n니치린,도망쳐!
G23	0:16.0	0:17.0	月光!	겟코!
G23	0:20.0	0:22.0	月光! 日輪!	겟코! 니치린!
G23	0:23.0	0:29.0	あなた達だけでも早く逃げて! 日輪! 日輪!	너희만이라도 빨리 도망쳐!\n니치린! 니치린!
G24	0:00.0	0:03.8	満月よ なかなか研究熱心ではないか	만게츠여,연구에 꽤 열심이구나
G24	0:03.8	0:07.28	そ それはもう ジュドー様のために…	그,그야 물론 주도 님을 위해서…
G24	0:07.28	0:08.8	黙れ!	닥쳐라!
G24	0:14.32	0:17.22	もはやこれまでだな 満月	이제 끝이로군,만게츠
G24	0:18.56	0:21.32	ジ ジ ジュドー様! お お慈悲を!	주,주,주도 님! 자,자비를!
G24	0:21.32	0:23.52	どうか い 命だけは!	부디 모,목숨만은!
G24	0:25.76	0:27.48	邪魔者は片付いた	방해꾼은 치웠다
G24	0:27.92	0:30.92	さあ 姿を見せてくれ ミスティ	자,모습을 보여 다오,미스티
G24	0:33.88	0:35.92	やっと会えたな ミスティ	드디어 만났구나,미스티
G24	0:36.76	0:38.16	我が妹よ	내 누이여
G24	0:40.52	0:41.52	あんたは…	당신은…
G24	0:42.04	0:45.36	父さんを殺し 母さんまで殺した	아버지를 죽이고\n어머니까지 죽인…	0:46‥0:52 받아쓰기 반복 → 뺌
G24	0:53.12	0:56.12	父さんを殺し 母さんまで殺した	아버지를 죽이고\n어머니까지 죽인…
G24	0:57.28	0:58.28	あんたは…	당신은…
G24	0:58.88	1:01.08	兄さんなんかじゃない	오빠 따위가 아니야
G24	1:01.96	1:03.64	兄さんなんかじゃない!	오빠 따위가 아니야!
G24	1:04.72	1:07.2	さあ ミスティ 一緒に来るんだ	자,미스티,함께 가자
G24	1:07.4	1:11.56	イスパニアは そして世界は 私たち二人のものだ	이스파니아는,그리고 세계는\n우리 둘의 것이다
G24	1:11.88	1:14.04	やめて!鳥肌が立つわ!	그만해! 소름 끼쳐!
G24	1:14.32	1:17.44	父さんと母さんの血で汚れたその手を	아버지와 어머니의 피로\n더럽혀진 그 손을
G24	1:18.04	1:19.04	私は…	난…
G24	1:19.8	1:21.64	私は許さない!	난 용서 못 해!
G24	1:21.64	1:23.64	愚か者…	어리석은 것…
G25	0:13.28	0:20.84	所詮 象に立ち向かうアリだということがわからんとは 馬鹿につける薬はない	결국 코끼리에 맞서는 개미라는 걸\n모르다니,바보에겐 약도 없군
G25	0:20.84	0:24.64	かまわぬ 皆殺しにせよ	상관없다,몰살해라
G26	0:00.0	0:03.5	まだ ジュピターは全て集まらぬ	아직 주피터는 다 모이지 않았다
G26	0:04.0	0:07.5	だが 必ず4つ集める	하지만 반드시 네 개를 모으겠다
G26	0:08.0	0:11.5	だから だから私の体を直してくれ	그러니,그러니 내 몸을 고쳐 다오
G26	0:12.0	0:15.0	私を助けろ ハレルヤ!	나를 살려라,할렐루야!
G26	0:15.5	0:18.5	もう少し使える男かと思ったけれど	좀 더 쓸모 있는 사내인 줄 알았는데
G26	0:19.5	0:23.5	お前が世界を一つにすれば 私はそれを支配できたのに	네가 세계를 하나로 만들면\n내가 그걸 지배할 수 있었을 텐데
G26	0:24.0	0:25.0	なに?	뭐?
G26	0:25.5	0:28.0	ずいぶん偉そうだけど	꽤 잘난 척하는데
G26	0:28.5	0:31.0	なにか大きな勘違いをしているね	뭔가 크게 착각하고 있군
G26	0:31.5	0:34.0	私がお前を使っていたんだ	내가 너를 이용하고 있었던 거야
G26	0:34.5	0:39.0	暗黒界の出来損ないめ 消えておしまい	암흑계의 실패작 같으니\n사라져 버려	받아쓰기 «暗記界の出来損ない上»
G26	0:54.0	0:56.5	なんてことすんだ この野郎!	무슨 짓이야,이 자식!
G30	0:00.0	0:05.2	やっぱり人間はダメだね すぐ壊れてしまう	역시 인간은 안 돼\n금방 망가져 버리거든
G30	0:05.2	0:07.2	これで私は復活した	이걸로 나는 부활했다
G30	0:07.2	0:11.7	可愛い信者たちの ゴミのような命を食ってね	귀여운 신자들의\n쓰레기 같은 목숨을 먹고 말이야
G30	0:11.7	0:15.2	これからは私が この世界を支配する	이제부터는 내가 이 세계를 지배한다
G30	0:15.2	0:18.2	では面白いものを見せてあげよう	그럼 재미있는 걸 보여 주지
G30	0:24.2	0:30.2	まずはイスパニアだ	우선 이스파니아다
G30	0:36.2	0:39.2	次はどこにしようかね	다음은 어디로 할까	0:39‥0:55 지명 받아쓰기 불명 → 뺌
G30	0:56.2	0:58.2	やめろ!	그만둬!
G30	0:59.2	1:03.2	そうだね ゆっくりと楽しませてもらうよ	그래,천천히 즐겨 주지
G30	1:03.2	1:07.2	ちっぽけで愚かな人間たちが 死んでいく姿をね	하찮고 어리석은 인간들이\n죽어 가는 모습을 말이야
G31	0:04.12	0:05.1	ねえ、ガリバー!	저기,걸리버!
G31	0:05.1	0:07.1	着地はどうすんだい?	착지는 어떻게 할 거야?
G31	0:07.1	0:08.98	知らねえよ!	몰라!
G31	0:08.98	0:11.36	そ、そんなぁ!	그,그런!
G33	0:28.88	0:43.84	(It's over now, isn't it?)	이제 끝난 거지?	받아쓰기가 영어
G33	0:43.84	0:44.84	(Yeah.)	응
G33	0:44.84	0:45.84	(Oh, Phoebe.)	아,피비
G33	0:45.84	0:46.84	(You...)	너…
G33	0:58.89	1:05.95	(Phoebe. You have learned how to care for others, and have regained the beauty of a fairy's heart.)	피비,너는 남을 아끼는 마음을 배우고\n요정의 아름다운 마음을 되찾았구나
G33	1:06.67	1:10.45	(That voice was the voice of the Fairy King, Ria!)	저 목소리는 요정왕 리아 님!
G33	1:10.97	1:16.01	(Hey, look at me, Gulliver! I was reborn!)	봐,걸리버! 나 다시 태어났어!
G33	1:18.03	1:19.25	(Wh-What's that?!)	뭐,뭐야 저건?!
G33	1:23.05	1:25.41	(Gulliver, I'm here to pick you up!)	걸리버,데리러 왔어!
G33	1:25.65	1:30.63	(Darn it! If I had used this from the beginning...)	젠장! 처음부터 이걸 썼으면\n그 고생 안 해도 됐잖아!
G33	1:31.77	1:36.33	(No problem! I bought an extension cord, so I can fly this far!)	걱정 마! 연장 코드를 샀으니까\n여기까지 날아올 수 있어!
G33	1:36.89	1:40.77	(... a twelve-cylinder engine!)	게다가 12기통 엔진이라고!	⚠받아쓰기 흐림
G33	1:44.81	1:46.97	(Alright, I'll give you a ride to the ship! Get on!)	좋아,배까지 태워 줄게! 타!
G33	1:47.25	1:49.37	(Really?! Yay, yay!)	정말?! 야호!
G34	0:10.0	0:14.0	なあ、博士。前から思ってたんだけどよ。	저기,박사.\n전부터 생각했는데 말이야
G34	0:15.0	0:17.0	博士の生まれた中国ってのはどこにあるんだ?	박사가 태어난 중국이라는 데는\n어디 있어?
G34	0:18.0	0:19.0	東の果てじゃ。	동쪽 끝이란다
G34	0:20.0	0:24.0	でもよ、どうやって行くんだ。海の果てにはでっかい滝があって。	근데 어떻게 가?\n바다 끝엔 커다란 폭포가 있잖아
G34	0:25.0	0:28.0	海の果ての滝は、わしも見たことがない。	바다 끝의 폭포는\n나도 본 적이 없단다
G34	0:29.0	0:35.0	あれは、わしらが作り出した幻想かもしれんな。	그건 우리가 만들어 낸\n환상일지도 모르지
G34	0:37.0	0:41.0	俺たちには、まだまだ知らないことたくさんあるんだな。	우리가 모르는 게\n아직 잔뜩 있구나
G34	0:42.0	0:46.0	そうじゃ。世界は広いぞ、ガリバー。	그렇지.\n세상은 넓단다,걸리버
G34	0:50.0	0:53.0	よし!また冒険に出るぞ!	좋아! 또 모험을 떠나자!
G34	0:54.0	0:55.0	ああ!	응!
